reviewId,userName,userImage,content,score,thumbsUpCount,reviewCreatedVersion,at,replyContent,repliedAt,appVersion,content_length,month
917d3ebc-3ab7-43e7-8363-92a91ef9049a,A Google user,https://play-lh.googleusercontent.com/EGemoI2NTXmTsBVtJqk8jxF9rh8ApRWfsIMQSt2uE4OcpQqbFu7f7NbTK05lx80nuSijCz7sc3a277R67g,Excellent and chilled üëå,5,0,13.17.0,2022-09-30 04:59:07,,,13.17.0,23.0,2022-09
064d691b-69c7-4d43-8223-7a84f37c68b5,A Google user,https://play-lh.googleusercontent.com/EGemoI2NTXmTsBVtJqk8jxF9rh8ApRWfsIMQSt2uE4OcpQqbFu7f7NbTK05lx80nuSijCz7sc3a277R67g,Always good to be here,5,0,10.3.0,2018-12-08 20:38:04,,,10.3.0,22.0,2018-12
b31a3aa6-5448-4871-a9de-c292c8de78a2,A Google user,https://play-lh.googleusercontent.com/EGemoI2NTXmTsBVtJqk8jxF9rh8ApRWfsIMQSt2uE4OcpQqbFu7f7NbTK05lx80nuSijCz7sc3a277R67g,This nonsense is comparable to gambling. you pay once and they allow you to get 3 matches. next time you pay you get bots which are usually Ai generated Asian girls. I never believed in online dating but this app and all the others like it (owned by the same parent company)are an exploitative emotional scam. To all the men out there please just grow the stones to approach women in public. there is no shame in that even if they reject you (always be reasonable on your approach though),1,0,16.10.1,2025-06-20 10:15:57,,,16.10.1,488.0,2025-06
2f673d46-4780-42e5-a9fb-1911a52a1b8d,A Google user,https://play-lh.googleusercontent.com/EGemoI2NTXmTsBVtJqk8jxF9rh8ApRWfsIMQSt2uE4OcpQqbFu7f7NbTK05lx80nuSijCz7sc3a277R67g,Not a great app. Money grab. Lol if you're not on for a while because there's no results without paying money it sends you a notification that your profile is about to be hidden..what a joke. Lol When you click the notification they hit you up with an offer.. get 50% for the first month üòÑ no thanks.,1,0,16.2.1,2025-02-25 14:29:42,,,16.2.1,300.0,2025-02
be7ae456-b429-4c28-9c55-96cf37c92abc,A Google user,https://play-lh.googleusercontent.com/EGemoI2NTXmTsBVtJqk8jxF9rh8ApRWfsIMQSt2uE4OcpQqbFu7f7NbTK05lx80nuSijCz7sc3a277R67g,"Won't let me upload any more photos, needs to fix the bug on that. Other than that everything's great :)",4,0,2.2.1,2014-03-25 21:29:11,"Hi Alex, thanks for trying out Tinder. Make sure you have the latest version of Tinder and your pictures are in a Facebook album that your friends can view (not you only). You can also try moving the pictures to a different album on Facebook. Note: Tinder only support Android 2.2 and up. I hope you'll consider giving us a better rating!
",2014-05-07 06:43:53,2.2.1,104.0,2014-03
6af8f25a-8481-4ff5-9068-a343e8a20cd5,A Google user,https://play-lh.googleusercontent.com/EGemoI2NTXmTsBVtJqk8jxF9rh8ApRWfsIMQSt2uE4OcpQqbFu7f7NbTK05lx80nuSijCz7sc3a277R67g,"This complaint is out of the ordinary. I'm one of those guys that messes with their phone. I currently have an unrooted 2015 Moto X Pure and I changed the DPI to 400. Even after clearing cache, data, uninstalling, and reinstalling, Tinder crashes without fail, and it's the only app I use that does. Can you help a tech geek out with a fix? I really don't want to change my DPI for one app.",4,0,5.4.1,2016-08-24 04:54:33,,,5.4.1,390.0,2016-08
30f72245-62e7-4260-b7f2-31519f306210,A Google user,https://play-lh.googleusercontent.com/EGemoI2NTXmTsBVtJqk8jxF9rh8ApRWfsIMQSt2uE4OcpQqbFu7f7NbTK05lx80nuSijCz7sc3a277R67g,Its nice and i love it.,5,0,11.8.1,2020-04-24 08:10:28,,,11.8.1,23.0,2020-04
a7f74c7c-d494-41c6-bf6b-334692092cf1,A Google user,https://play-lh.googleusercontent.com/EGemoI2NTXmTsBVtJqk8jxF9rh8ApRWfsIMQSt2uE4OcpQqbFu7f7NbTK05lx80nuSijCz7sc3a277R67g,Great concept. Good and easy to use but crashes a lot and sometimes takes a long time to load on Android. The iPhone version is much more user friendly,4,0,1.5.4,2013-10-09 21:43:48,,,1.5.4,151.0,2013-10
a230d10f-6793-463e-b78f-68c9bad779b0,A Google user,https://play-lh.googleusercontent.com/EGemoI2NTXmTsBVtJqk8jxF9rh8ApRWfsIMQSt2uE4OcpQqbFu7f7NbTK05lx80nuSijCz7sc3a277R67g,Nice people great fun,5,0,,2018-02-23 05:50:49,,,,21.0,2018-02
35f859b1-0f4c-43a2-897b-88ae34f3bd61,A Google user,https://play-lh.googleusercontent.com/EGemoI2NTXmTsBVtJqk8jxF9rh8ApRWfsIMQSt2uE4OcpQqbFu7f7NbTK05lx80nuSijCz7sc3a277R67g,So I have never had this app never even crossed my mind until recently. Tried to create account and automatically I was banned? How am I banned when I have never had an account? Tried to contact their help/account appeal and other areas and got absolutely no where. Edit: that doesent work tinder... I've already tried that.,1,6,15.1.0,2024-02-28 06:04:11,"Thank you for sharing this. You can visit our ‚ÄòTroubleshooting‚Äô section at gotinder.com/faq to find some articles that might help to resolve your issue. If you can‚Äôt find what you‚Äôre looking for or if you‚Äôre still experiencing issues, please reach out to us at gotinder.com/help and we‚Äôll be happy to help!",2024-02-11 01:43:08,15.1.0,324.0,2024-02
347722d7-82d0-4ce7-92e5-8d17a987b4eb,A Google user,https://play-lh.googleusercontent.com/EGemoI2NTXmTsBVtJqk8jxF9rh8ApRWfsIMQSt2uE4OcpQqbFu7f7NbTK05lx80nuSijCz7sc3a277R67g,Newest update is actually a joke,1,0,14.8.1,2023-05-12 08:23:31,,,14.8.1,32.0,2023-05
fff46fb6-5695-498a-871b-0a5ffc902110,A Google user,https://play-lh.googleusercontent.com/EGemoI2NTXmTsBVtJqk8jxF9rh8ApRWfsIMQSt2uE4OcpQqbFu7f7NbTK05lx80nuSijCz7sc3a277R67g,Doesn't open. :(,1,0,10.17.0,2019-06-23 12:38:16,,,10.17.0,16.0,2019-06
51363d51-64a8-4420-828e-970c07618b3d,A Google user,https://play-lh.googleusercontent.com/EGemoI2NTXmTsBVtJqk8jxF9rh8ApRWfsIMQSt2uE4OcpQqbFu7f7NbTK05lx80nuSijCz7sc3a277R67g,money suck,1,1,15.19.0,2024-10-20 20:04:01,,,15.19.0,10.0,2024-10
0fd44d9e-c146-437e-a879-c7f22a67e5ab,A Google user,https://play-lh.googleusercontent.com/EGemoI2NTXmTsBVtJqk8jxF9rh8ApRWfsIMQSt2uE4OcpQqbFu7f7NbTK05lx80nuSijCz7sc3a277R67g,"Worse app ever! Scam and a rip off, don't recommend",1,1,15.15.2,2024-08-25 20:37:05,,,15.15.2,51.0,2024-08
dde11c6e-1089-4b05-80a8-4a0502949587,A Google user,https://play-lh.googleusercontent.com/EGemoI2NTXmTsBVtJqk8jxF9rh8ApRWfsIMQSt2uE4OcpQqbFu7f7NbTK05lx80nuSijCz7sc3a277R67g,Little upset y'all don't have a trans tag but still a good app,4,0,12.18.1,2021-10-13 16:18:59,,,12.18.1,62.0,2021-10
2fc6cc17-7ed5-4481-89d9-a0beead83a05,A Google user,https://play-lh.googleusercontent.com/EGemoI2NTXmTsBVtJqk8jxF9rh8ApRWfsIMQSt2uE4OcpQqbFu7f7NbTK05lx80nuSijCz7sc3a277R67g,"Originally, this was decent. Now, every update makes it worse. my account has been wiped with several updates. Features that were once free now cost $40 a month, and that's for what was free. and the features that were pat of gold are now 3-5x the cost of gold. There's an abundance of fake/bot accounts that are still permitted because the owner doesn't care about customer experience.",1,8,16.6.1,2025-04-23 17:28:03,,,16.6.1,386.0,2025-04
c0a46032-0be2-4cc8-a769-fe8c045fc1b6,A Google user,https://play-lh.googleusercontent.com/EGemoI2NTXmTsBVtJqk8jxF9rh8ApRWfsIMQSt2uE4OcpQqbFu7f7NbTK05lx80nuSijCz7sc3a277R67g,My account has been banned. I don't know the reason why as I reviewed the terms and conditions. I don't I did violated any of such.,1,0,11.20.0,2020-08-01 21:58:39,,,11.20.0,131.0,2020-08
7eedbf52-f7ba-4b29-bca4-2fc92341a272,A Google user,https://play-lh.googleusercontent.com/EGemoI2NTXmTsBVtJqk8jxF9rh8ApRWfsIMQSt2uE4OcpQqbFu7f7NbTK05lx80nuSijCz7sc3a277R67g,All the guys on here are disgusting and only want one thing. Not recommended unless you're into being emotionally and mentally abused and used for your body.,1,0,,2020-10-22 20:31:19,,,,157.0,2020-10
dfb2f627-7d9a-462a-8669-37d2c7dc383b,A Google user,https://play-lh.googleusercontent.com/EGemoI2NTXmTsBVtJqk8jxF9rh8ApRWfsIMQSt2uE4OcpQqbFu7f7NbTK05lx80nuSijCz7sc3a277R67g,"Tinder ban accounts for no reason,i used my picture, no nudes, simple bio and the moment i logged in the next day,it was ban,open other using my fb and the same thing happened,please fix the bot that ban peoples account",1,0,10.13.0,2019-10-21 23:04:40,,,10.13.0,219.0,2019-10
014ada14-1954-4903-a2a2-fa9cfbda6b11,A Google user,https://play-lh.googleusercontent.com/EGemoI2NTXmTsBVtJqk8jxF9rh8ApRWfsIMQSt2uE4OcpQqbFu7f7NbTK05lx80nuSijCz7sc3a277R67g,"This app is trash. WAAY too many fake accounts and scammers, and their algorithm is all sorts of backwards.",1,0,16.19.0,2025-10-06 19:45:57,,,16.19.0,107.0,2025-10
ea31d67c-b219-4b7b-b2ec-e2220abc6c9e,A Google user,https://play-lh.googleusercontent.com/EGemoI2NTXmTsBVtJqk8jxF9rh8ApRWfsIMQSt2uE4OcpQqbFu7f7NbTK05lx80nuSijCz7sc3a277R67g,Usefull for me,5,0,10.1.0,2018-11-07 14:40:16,,,10.1.0,14.0,2018-11
d991e357-71dd-4f1a-b896-d81f4b6dede8,A Google user,https://play-lh.googleusercontent.com/EGemoI2NTXmTsBVtJqk8jxF9rh8ApRWfsIMQSt2uE4OcpQqbFu7f7NbTK05lx80nuSijCz7sc3a277R67g,I'm ugly so this is hard,2,0,13.21.1,2022-11-17 15:58:25,,,13.21.1,24.0,2022-11
fa69e852-116a-4e00-9517-632764e573dd,A Google user,https://play-lh.googleusercontent.com/EGemoI2NTXmTsBVtJqk8jxF9rh8ApRWfsIMQSt2uE4OcpQqbFu7f7NbTK05lx80nuSijCz7sc3a277R67g,"So I fully understand that Tinder is a company that has to make money. But I feel that the amount they ask for to be able to see who likes you is pretty outrageous. And if you don't pay, it's up to chance and can be frustrating.",3,0,10.23.2,2019-09-28 14:22:53,,,10.23.2,228.0,2019-09
da95d3eb-b2a7-4a53-9394-9bdc75cfb486,A Google user,https://play-lh.googleusercontent.com/EGemoI2NTXmTsBVtJqk8jxF9rh8ApRWfsIMQSt2uE4OcpQqbFu7f7NbTK05lx80nuSijCz7sc3a277R67g,nic app goo work....team,5,0,,2019-05-02 11:20:24,,,,24.0,2019-05
c2298115-04d5-43cd-bcaf-b581f0e9b041,A Google user,https://play-lh.googleusercontent.com/EGemoI2NTXmTsBVtJqk8jxF9rh8ApRWfsIMQSt2uE4OcpQqbFu7f7NbTK05lx80nuSijCz7sc3a277R67g,"Third class application. Fake profiles, doesn't allow to match with someone and also ask to money 24/7. ü§Æü§Æ",1,0,15.1.0,2024-03-10 12:58:33,"Sorry to hear that. We agree that this isn‚Äôt a nice experience, but we can assure you that we put a lot of effort into moderating inappropriate behavior. If you come across a suspicious profile, please report it directly on the app by opening their profile and scrolling down to ‚ÄòReport‚Äô.",2024-03-10 14:11:10,15.1.0,106.0,2024-03
f2c99556-1d58-49ff-96af-398856300726,A Google user,https://play-lh.googleusercontent.com/EGemoI2NTXmTsBVtJqk8jxF9rh8ApRWfsIMQSt2uE4OcpQqbFu7f7NbTK05lx80nuSijCz7sc3a277R67g,100%Effective,5,0,2.1.1,2014-01-03 14:51:04,,,2.1.1,13.0,2014-01
9b529bbc-922a-4103-86b8-751c3396fd78,A Google user,https://play-lh.googleusercontent.com/EGemoI2NTXmTsBVtJqk8jxF9rh8ApRWfsIMQSt2uE4OcpQqbFu7f7NbTK05lx80nuSijCz7sc3a277R67g,It's like a game and a dating site! The best of both worlds!,5,0,2.2.1,2014-02-26 07:07:25,,,2.2.1,60.0,2014-02
cf4016e1-fe66-40e7-9e55-d125ff76172b,A Google user,https://play-lh.googleusercontent.com/EGemoI2NTXmTsBVtJqk8jxF9rh8ApRWfsIMQSt2uE4OcpQqbFu7f7NbTK05lx80nuSijCz7sc3a277R67g,They banned me because I left a bad review. Lol Other places out there,1,19,11.30.1,2021-01-15 11:48:14,,,11.30.1,70.0,2021-01
52f07911-51ac-4fce-a2a2-63c06501473f,A Google user,https://play-lh.googleusercontent.com/EGemoI2NTXmTsBVtJqk8jxF9rh8ApRWfsIMQSt2uE4OcpQqbFu7f7NbTK05lx80nuSijCz7sc3a277R67g,Too much expensive and no free trial,1,0,,2024-09-09 20:53:40,,,,36.0,2024-09
dbdf48f5-6493-4e4b-8728-6df93b894068,A Google user,https://play-lh.googleusercontent.com/EGemoI2NTXmTsBVtJqk8jxF9rh8ApRWfsIMQSt2uE4OcpQqbFu7f7NbTK05lx80nuSijCz7sc3a277R67g,Highly recommend.,5,0,4.2.3,2015-07-26 00:06:17,,,4.2.3,17.0,2015-07
bf4c69af-948b-4205-9443-97c25ff04fdc,A Google user,https://play-lh.googleusercontent.com/EGemoI2NTXmTsBVtJqk8jxF9rh8ApRWfsIMQSt2uE4OcpQqbFu7f7NbTK05lx80nuSijCz7sc3a277R67g,Randomly got my account banned no explanation I did nothing wrong.,1,1,13.23.0,2023-01-05 23:37:55,,,13.23.0,66.0,2023-01
7269153c-738c-4747-9655-2adb6c519c85,A Google user,https://play-lh.googleusercontent.com/EGemoI2NTXmTsBVtJqk8jxF9rh8ApRWfsIMQSt2uE4OcpQqbFu7f7NbTK05lx80nuSijCz7sc3a277R67g,More swipes pls. Hahaha,4,0,7.6.0,2017-09-25 05:49:42,,,7.6.0,23.0,2017-09
851a165b-179f-4aca-8215-febd4e58676b,A Google user,https://play-lh.googleusercontent.com/EGemoI2NTXmTsBVtJqk8jxF9rh8ApRWfsIMQSt2uE4OcpQqbFu7f7NbTK05lx80nuSijCz7sc3a277R67g,love evrything,5,0,16.8.1,2025-05-28 22:02:49,,,16.8.1,14.0,2025-05
88325168-0268-4bbb-a1aa-d26f4c305d87,A Google user,https://play-lh.googleusercontent.com/EGemoI2NTXmTsBVtJqk8jxF9rh8ApRWfsIMQSt2uE4OcpQqbFu7f7NbTK05lx80nuSijCz7sc3a277R67g,"Better than any other site I've  been on to meet people, hands down.",5,0,8.10.3,2018-04-05 17:09:43,,,8.10.3,68.0,2018-04
0df5115e-2953-493c-bce2-918354d2560b,A Google user,https://play-lh.googleusercontent.com/EGemoI2NTXmTsBVtJqk8jxF9rh8ApRWfsIMQSt2uE4OcpQqbFu7f7NbTK05lx80nuSijCz7sc3a277R67g,Awesome ‚ù§Ô∏è,1,0,10.2.0,2022-12-13 08:57:17,,,10.2.0,10.0,2022-12
998a1843-7f00-427f-9a1b-53bc9afb2b13,A Google user,https://play-lh.googleusercontent.com/EGemoI2NTXmTsBVtJqk8jxF9rh8ApRWfsIMQSt2uE4OcpQqbFu7f7NbTK05lx80nuSijCz7sc3a277R67g,I dont have zero star otherwise i would have given that. No genuine profile.Onky fake id are there .Do not waste your money here...,1,0,14.5.0,2023-04-16 11:47:31,,,14.5.0,131.0,2023-04
e1befb4f-21cb-4bb2-b30d-25b99e6ea684,A Google user,https://play-lh.googleusercontent.com/EGemoI2NTXmTsBVtJqk8jxF9rh8ApRWfsIMQSt2uE4OcpQqbFu7f7NbTK05lx80nuSijCz7sc3a277R67g,Wow u have got perfect rating upgrade ur plus membership to get 5star,2,0,12.1.2,2021-03-08 17:34:34,,,12.1.2,69.0,2021-03
5c09084d-7be9-4c60-95d8-1cb95c40c3d1,A Google user,https://play-lh.googleusercontent.com/EGemoI2NTXmTsBVtJqk8jxF9rh8ApRWfsIMQSt2uE4OcpQqbFu7f7NbTK05lx80nuSijCz7sc3a277R67g,Hi tinder I just wanna to open my account or created but ithing someone using my phone number and I hope you help me to open it or create. Because before I download this 2023 tinder now is 2024 . And I shock someone usingy phone for no reason or permission. ü§ßü¶•,5,0,,2024-09-07 01:14:06,,,,260.0,2024-09
3e5c7510-c355-44fa-99ec-2c2e3b16ddab,A Google user,https://play-lh.googleusercontent.com/EGemoI2NTXmTsBVtJqk8jxF9rh8ApRWfsIMQSt2uE4OcpQqbFu7f7NbTK05lx80nuSijCz7sc3a277R67g,"App works fine and is better than most. The only problem is that the amount of bot accounts and scammers on here is unreal. It's a shame because Tinder can only remove a profile one at a time, and they just keep stacking. Would recommend a different site if you want to spend no money. Other than that, be careful scammers plague this app. It's really sad that reporting can only do so much. Update : I realize Tinder allows bots because it stimulates their app with false numbers, keeping it on top.",1,6,15.23.0,2025-01-11 12:09:56,,,15.23.0,500.0,2025-01
249a4482-31c0-4589-aced-49ed3d9e4223,A Google user,https://play-lh.googleusercontent.com/EGemoI2NTXmTsBVtJqk8jxF9rh8ApRWfsIMQSt2uE4OcpQqbFu7f7NbTK05lx80nuSijCz7sc3a277R67g,Too much spam. No real humans,1,0,6.4.1,2016-11-19 09:05:58,,,6.4.1,29.0,2016-11
4a54abdb-e907-4b03-badb-0cc2a1c908a7,A Google user,https://play-lh.googleusercontent.com/EGemoI2NTXmTsBVtJqk8jxF9rh8ApRWfsIMQSt2uE4OcpQqbFu7f7NbTK05lx80nuSijCz7sc3a277R67g,Pathetic Services,1,0,15.17.1,2024-09-26 14:21:25,,,15.17.1,17.0,2024-09
b40441e6-3016-42da-8bb7-c84d1ac7d6fd,A Google user,https://play-lh.googleusercontent.com/EGemoI2NTXmTsBVtJqk8jxF9rh8ApRWfsIMQSt2uE4OcpQqbFu7f7NbTK05lx80nuSijCz7sc3a277R67g,Very Good App. If You are Too much Hot. Got 3 Dates till,5,0,,2020-10-02 14:48:21,,,,56.0,2020-10
16758826-e5fb-4572-8869-c7d65614f8b3,A Google user,https://play-lh.googleusercontent.com/EGemoI2NTXmTsBVtJqk8jxF9rh8ApRWfsIMQSt2uE4OcpQqbFu7f7NbTK05lx80nuSijCz7sc3a277R67g,"I often have men appearing on my profile (I am lesbian). It also now just repeats the same profiles over and over.... Id recommend tinder you open up to more variable types of people; less mainstream profiles, queer, bdsm etc :)",2,0,15.4.0,2024-03-20 19:14:35,"Thank you for your comment. We're sorry you didn't enjoy your experience on Tinder. Your feedback is important to us, and we appreciate you taking the time to share your thoughts.",2024-03-20 21:36:21,15.4.0,228.0,2024-03
cb8f9ac7-eb76-4d8b-b928-b5c5655c22dd,A Google user,https://play-lh.googleusercontent.com/EGemoI2NTXmTsBVtJqk8jxF9rh8ApRWfsIMQSt2uE4OcpQqbFu7f7NbTK05lx80nuSijCz7sc3a277R67g,Had to change my Facebook password and it logged me out of tinder... lost all my matches. Thanks for making me start all over. Also it's about time to add a message tab.,1,0,4.0.3,2014-12-17 04:53:17,"Hi Jenna, thanks for trying out Tinder. Navigate to your settings panel, log out and log back in. Go to your Matches and wait for the list to load. If it doesn't load, you may have to reinstall the app. As long as you haven‚Äôt accidentally deleted your account you should be fine!",2014-12-18 07:22:30,4.0.3,169.0,2014-12
7ad391c2-272f-47dd-b02d-59a862b6e6e7,A Google user,https://play-lh.googleusercontent.com/EGemoI2NTXmTsBVtJqk8jxF9rh8ApRWfsIMQSt2uE4OcpQqbFu7f7NbTK05lx80nuSijCz7sc3a277R67g,I got a message from a chick and I reported her and I got banned ???,1,0,,2016-02-13 08:19:39,,,,68.0,2016-02
27f3baf4-7470-4660-83b3-33b7eac7d339,A Google user,https://play-lh.googleusercontent.com/EGemoI2NTXmTsBVtJqk8jxF9rh8ApRWfsIMQSt2uE4OcpQqbFu7f7NbTK05lx80nuSijCz7sc3a277R67g,I wish more was in the free features,4,0,10.1.0,2018-11-17 11:50:38,,,10.1.0,36.0,2018-11
8d7527e6-fe5d-431c-9dc4-13c772286415,A Google user,https://play-lh.googleusercontent.com/EGemoI2NTXmTsBVtJqk8jxF9rh8ApRWfsIMQSt2uE4OcpQqbFu7f7NbTK05lx80nuSijCz7sc3a277R67g,Garbage...totally useless...nothing but attention seeking jokes of people/fake profiles/unreasonably uppity people. Don't waste your time with this. Seriously.,1,0,,2019-02-15 11:07:34,,,,159.0,2019-02
c59375e8-4549-4296-a8e2-6a087ff2e562,A Google user,https://play-lh.googleusercontent.com/EGemoI2NTXmTsBVtJqk8jxF9rh8ApRWfsIMQSt2uE4OcpQqbFu7f7NbTK05lx80nuSijCz7sc3a277R67g,Sometime you have to wait... 77,4,0,4.5.5,2016-03-27 21:05:19,,,4.5.5,31.0,2016-03
9da4e97e-c31c-4a6c-8ff5-4d93ded8fd7b,A Google user,https://play-lh.googleusercontent.com/EGemoI2NTXmTsBVtJqk8jxF9rh8ApRWfsIMQSt2uE4OcpQqbFu7f7NbTK05lx80nuSijCz7sc3a277R67g,"Your app is buggy since forever, all my matches just keep disappearing",3,0,14.24.3,2024-01-12 03:31:20,"Thank you for sharing this. You can visit our ‚ÄòTroubleshooting‚Äô section at gotinder.com/faq to find some articles that might help to resolve your issue. If you can‚Äôt find what you‚Äôre looking for or if you‚Äôre still experiencing issues, please reach out to us at gotinder.com/help and we‚Äôll be happy to help!",2024-01-12 04:37:30,14.24.3,70.0,2024-01
f7484c3b-3e27-4060-93b6-a15e15853fbf,A Google user,https://play-lh.googleusercontent.com/EGemoI2NTXmTsBVtJqk8jxF9rh8ApRWfsIMQSt2uE4OcpQqbFu7f7NbTK05lx80nuSijCz7sc3a277R67g,It helps alleviate boredom,4,0,6.0.3,2016-10-13 07:14:16,,,6.0.3,26.0,2016-10
0b07c9af-35f8-401b-9e62-d875b5d7eea0,A Google user,https://play-lh.googleusercontent.com/EGemoI2NTXmTsBVtJqk8jxF9rh8ApRWfsIMQSt2uE4OcpQqbFu7f7NbTK05lx80nuSijCz7sc3a277R67g,love this app. it made the dating process easier to connect with people.,5,0,10.16.0,2019-06-09 13:44:20,,,10.16.0,72.0,2019-06
d43601bc-0f99-4e1b-90af-90290347ac13,A Google user,https://play-lh.googleusercontent.com/EGemoI2NTXmTsBVtJqk8jxF9rh8ApRWfsIMQSt2uE4OcpQqbFu7f7NbTK05lx80nuSijCz7sc3a277R67g,"I like the idea of this app and all but I just wish it worked.   Im on a samsung galaxy infuse 4g, and it found my location but its just stuck on the screen that says ""Finding people near you"" TINDER! Please fix this so I can find people near me!",1,0,1.0.3,2013-07-18 01:03:06,"Hi Steven, thanks for trying out Tinder and sorry for the inconvenience. Please clearing your app data (Settings -&gt; Application Manager -&gt; Tinder -&gt; Clear Data) and see if that helps. Cheers!",2013-07-18 06:14:39,1.0.3,246.0,2013-07
6f5f192c-92b9-4bc8-9db9-1dc419616cd7,A Google user,https://play-lh.googleusercontent.com/EGemoI2NTXmTsBVtJqk8jxF9rh8ApRWfsIMQSt2uE4OcpQqbFu7f7NbTK05lx80nuSijCz7sc3a277R67g,Bakvass hay koi matches nahi miltay sab fake id hay paisa mangtay hay please guys don't install this aap,1,0,12.5.0,2021-04-20 09:34:56,,,12.5.0,104.0,2021-04
81568835-6bd5-444e-a919-5564a3501625,A Google user,https://play-lh.googleusercontent.com/EGemoI2NTXmTsBVtJqk8jxF9rh8ApRWfsIMQSt2uE4OcpQqbFu7f7NbTK05lx80nuSijCz7sc3a277R67g,So far it is much better than other dating apps. I hope there are more profiles in their database.,4,0,12.22.1,2021-12-13 17:58:25,,,12.22.1,98.0,2021-12
ed4bfbc6-4568-433d-9a40-08182b1f6dbe,A Google user,https://play-lh.googleusercontent.com/EGemoI2NTXmTsBVtJqk8jxF9rh8ApRWfsIMQSt2uE4OcpQqbFu7f7NbTK05lx80nuSijCz7sc3a277R67g,It's fun to use.,5,0,11.17.0,2020-06-20 23:05:21,,,11.17.0,16.0,2020-06
d20cfa23-6b7a-47e6-a7a9-eeddc2bac043,A Google user,https://play-lh.googleusercontent.com/EGemoI2NTXmTsBVtJqk8jxF9rh8ApRWfsIMQSt2uE4OcpQqbFu7f7NbTK05lx80nuSijCz7sc3a277R67g,I think it's a real love platform guys,5,0,15.10.0,2024-06-22 19:17:52,,,15.10.0,38.0,2024-06
efef6aae-a64e-459e-aca7-4327fde9d955,A Google user,https://play-lh.googleusercontent.com/EGemoI2NTXmTsBVtJqk8jxF9rh8ApRWfsIMQSt2uE4OcpQqbFu7f7NbTK05lx80nuSijCz7sc3a277R67g,Have put a maximum distance of 20 miles in and are getting matches with girls over 70 miles away... how does that work?!? BROKEN.,1,0,3.3.2,2014-10-20 07:18:10,"Hi Tom, thanks for trying out Tinder. You can adjust your Search Distance under the Settings panel. Make sure your GPS is enabled, and try logging out and logging back in. You can also try turning OFF location services and back ON in the phone settings.",2014-10-21 07:01:50,3.3.2,129.0,2014-10
dc509470-f0b2-46d6-a9b6-5ab99a3816a8,A Google user,https://play-lh.googleusercontent.com/EGemoI2NTXmTsBVtJqk8jxF9rh8ApRWfsIMQSt2uE4OcpQqbFu7f7NbTK05lx80nuSijCz7sc3a277R67g,It is no longer good after they have removed the sort option from the match screen.,1,1,11.14.0,2020-05-10 16:25:01,,,11.14.0,83.0,2020-05
ce3d22bc-83d6-4940-ae04-05f008874b79,A Google user,https://play-lh.googleusercontent.com/EGemoI2NTXmTsBVtJqk8jxF9rh8ApRWfsIMQSt2uE4OcpQqbFu7f7NbTK05lx80nuSijCz7sc3a277R67g,"An outright scam. Be sure to never spend money on this app. I paid for the premium service for the full year in full. A month later, they have deactivated and blocked my account. They refuse to reactivate it, refund me or give me any explanation as to what has happened at all. Stay well away from Tinder.",1,4,8.10.4,2018-04-10 21:29:09,,,8.10.4,305.0,2018-04
2b60ea01-3ceb-47cf-9cff-d023d52874ba,A Google user,https://play-lh.googleusercontent.com/EGemoI2NTXmTsBVtJqk8jxF9rh8ApRWfsIMQSt2uE4OcpQqbFu7f7NbTK05lx80nuSijCz7sc3a277R67g,After months of it not working the newest updates appear to fix the errors and crashes. 4 stars,4,0,3.3.1,2014-09-20 22:24:25,"Hi, thanks for trying out Tinder. Make sure you have the latest version of Tinder. Try force quitting the app. Go into Settings, Apps, select Tinder, hit force quit. If this doesn‚Äôt solve your issue, you may have to delete and reinstall the app. Note: Tinder only supports Android 2.3 and up.",2014-07-10 07:54:09,3.3.1,95.0,2014-09
e6215947-daec-49bc-89e8-1b2474e30f5d,A Google user,https://play-lh.googleusercontent.com/EGemoI2NTXmTsBVtJqk8jxF9rh8ApRWfsIMQSt2uE4OcpQqbFu7f7NbTK05lx80nuSijCz7sc3a277R67g,Just... why..,1,0,4.4.2,2015-11-25 06:48:28,,,4.4.2,13.0,2015-11
f55456ba-d5db-46ae-9ca6-93b7081a49fe,A Google user,https://play-lh.googleusercontent.com/EGemoI2NTXmTsBVtJqk8jxF9rh8ApRWfsIMQSt2uE4OcpQqbFu7f7NbTK05lx80nuSijCz7sc3a277R67g,Does not load matches. Please fix it.,1,0,4.5.2,2016-02-24 09:09:47,,,4.5.2,37.0,2016-02
5a3a5767-1321-43d2-a3f4-ebb0bb127acd,A Google user,https://play-lh.googleusercontent.com/EGemoI2NTXmTsBVtJqk8jxF9rh8ApRWfsIMQSt2uE4OcpQqbFu7f7NbTK05lx80nuSijCz7sc3a277R67g,Well  nice to use like it,5,0,6.7.0,2017-01-04 08:04:24,,,6.7.0,25.0,2017-01
8db30df1-2aff-46eb-94fd-1454d1c77827,A Google user,https://play-lh.googleusercontent.com/EGemoI2NTXmTsBVtJqk8jxF9rh8ApRWfsIMQSt2uE4OcpQqbFu7f7NbTK05lx80nuSijCz7sc3a277R67g,Stucking or Very slowly at start up.,1,0,4.4.2,2015-12-02 04:30:34,,,4.4.2,36.0,2015-12
b7b52cd9-4551-4a1b-b145-87544e1817d9,A Google user,https://play-lh.googleusercontent.com/EGemoI2NTXmTsBVtJqk8jxF9rh8ApRWfsIMQSt2uE4OcpQqbFu7f7NbTK05lx80nuSijCz7sc3a277R67g,Could get more likes,5,0,5.0.5,2016-05-29 11:49:22,,,5.0.5,20.0,2016-05
9ae9a676-59cb-4e5d-a351-212770ce2054,A Google user,https://play-lh.googleusercontent.com/EGemoI2NTXmTsBVtJqk8jxF9rh8ApRWfsIMQSt2uE4OcpQqbFu7f7NbTK05lx80nuSijCz7sc3a277R67g,This is the worst app ever it is trash do not download my final question why does everyone love this app it is s*** it don't work so the f*** what is it like I don't understand its trash,1,0,10.1.0,2018-11-23 08:59:24,,,10.1.0,186.0,2018-11
93e3ba53-a967-4bab-ad1b-febfba2e4451,A Google user,https://play-lh.googleusercontent.com/EGemoI2NTXmTsBVtJqk8jxF9rh8ApRWfsIMQSt2uE4OcpQqbFu7f7NbTK05lx80nuSijCz7sc3a277R67g,I don't understand how to chat with others,3,0,14.9.0,2023-06-04 04:02:07,,,14.9.0,42.0,2023-06
0601acf3-836d-4726-8113-01454a0c4eb0,A Google user,https://play-lh.googleusercontent.com/EGemoI2NTXmTsBVtJqk8jxF9rh8ApRWfsIMQSt2uE4OcpQqbFu7f7NbTK05lx80nuSijCz7sc3a277R67g,Nothing but thots.,1,0,9.11.1,2018-10-07 23:36:04,,,9.11.1,18.0,2018-10
8006cd1f-e2d1-4ba4-81cc-4ed1f9304d29,A Google user,https://play-lh.googleusercontent.com/EGemoI2NTXmTsBVtJqk8jxF9rh8ApRWfsIMQSt2uE4OcpQqbFu7f7NbTK05lx80nuSijCz7sc3a277R67g,"I like this app since it let u search for new people and friendship , you have to fix login to facebook thing and coverage area",4,0,4.2.3,2015-08-03 21:12:11,,,4.2.3,127.0,2015-08
9d30c4ca-b061-4f7b-9f9a-d79fc48f4f22,A Google user,https://play-lh.googleusercontent.com/EGemoI2NTXmTsBVtJqk8jxF9rh8ApRWfsIMQSt2uE4OcpQqbFu7f7NbTK05lx80nuSijCz7sc3a277R67g,It won't let me verify my account no matter what I try,2,0,13.6.1,2022-05-26 04:46:10,,,13.6.1,54.0,2022-05
eb028fa4-ce1c-4fc9-ba17-fe3b5ec8267b,A Google user,https://play-lh.googleusercontent.com/EGemoI2NTXmTsBVtJqk8jxF9rh8ApRWfsIMQSt2uE4OcpQqbFu7f7NbTK05lx80nuSijCz7sc3a277R67g,An awesome created by its creator...,5,0,5.0.5,2016-05-30 18:00:55,,,5.0.5,36.0,2016-05
9012c3fa-c520-401d-8a79-b2461a64586f,A Google user,https://play-lh.googleusercontent.com/EGemoI2NTXmTsBVtJqk8jxF9rh8ApRWfsIMQSt2uE4OcpQqbFu7f7NbTK05lx80nuSijCz7sc3a277R67g,I've had it for a few hours now..I'm still single so I think it may be broken cos clearly it's not my looks...I'll give it a few more hours to fix the problem ;),4,0,2.2.3,2014-04-30 06:51:59,"Hi Kris, thanks for trying out Tinder. You need to allow time for people to like you back! Try updating your pics & bio, it will go a long way. You should keep Tindering, the more you swipe the more chances you'll have of getting matches! ",2014-04-30 06:31:03,2.2.3,161.0,2014-04
2ddcccb4-2b63-49ab-8131-168276433f58,A Google user,https://play-lh.googleusercontent.com/EGemoI2NTXmTsBVtJqk8jxF9rh8ApRWfsIMQSt2uE4OcpQqbFu7f7NbTK05lx80nuSijCz7sc3a277R67g,Horrible does not let me delete my account,1,0,15.5.0,2024-04-10 05:58:54,"Thank you for your comment. We're sorry you didn't enjoy your experience on Tinder. Your feedback is important to us, and we appreciate you taking the time to share your thoughts.",2024-04-10 06:47:20,15.5.0,42.0,2024-04
d4724c68-d2e7-4292-8f01-901f7036b46c,A Google user,https://play-lh.googleusercontent.com/EGemoI2NTXmTsBVtJqk8jxF9rh8ApRWfsIMQSt2uE4OcpQqbFu7f7NbTK05lx80nuSijCz7sc3a277R67g,"Would have give it a negative 5, your app is a waste of time and data. I installed it, tried to log in, but I dont receice the confirmation code",1,0,14.20.0,2024-08-19 19:28:17,,,14.20.0,144.0,2024-08
f3f21af7-3292-4d1e-a5f3-3d4e87294bb4,A Google user,https://play-lh.googleusercontent.com/EGemoI2NTXmTsBVtJqk8jxF9rh8ApRWfsIMQSt2uE4OcpQqbFu7f7NbTK05lx80nuSijCz7sc3a277R67g,Men have no chance on it. Avoid.,1,1,,2021-06-03 22:26:49,,,,32.0,2021-06
8ba3d26b-0dbe-41f1-b726-a9b3ed5320d1,A Google user,https://play-lh.googleusercontent.com/EGemoI2NTXmTsBVtJqk8jxF9rh8ApRWfsIMQSt2uE4OcpQqbFu7f7NbTK05lx80nuSijCz7sc3a277R67g,I'm starting to chat with new friends,5,0,15.7.1,2024-05-05 11:39:00,,,15.7.1,37.0,2024-05
283c728d-35ea-401b-88dc-54fe186f8d1b,A Google user,https://play-lh.googleusercontent.com/EGemoI2NTXmTsBVtJqk8jxF9rh8ApRWfsIMQSt2uE4OcpQqbFu7f7NbTK05lx80nuSijCz7sc3a277R67g,Easy to connect people,5,0,10.23.2,2019-10-06 12:05:09,,,10.23.2,22.0,2019-10
0a7880a0-9df5-44d5-9f65-fe0a55504aa1,A Google user,https://play-lh.googleusercontent.com/EGemoI2NTXmTsBVtJqk8jxF9rh8ApRWfsIMQSt2uE4OcpQqbFu7f7NbTK05lx80nuSijCz7sc3a277R67g,Paid 100$ and still have to upgrade to Gold just to see likes and message people? What a complete waste of money!! I deleted my profile and the app and you should too!!!!,1,0,14.23.0,2023-12-10 00:49:35,"Sorry to hear you feel this way. Here to remind you that you can use Tinder for free, although we also offer paid Premium features for people who want to elevate their Tinder experience. Pricing for Tinder products, as well as the offerings available, may vary based on your location, date, and time of purchase.",2023-12-11 00:33:31,14.23.0,170.0,2023-12
d84d398c-013d-4ee6-b93d-ba4cfbf86128,A Google user,https://play-lh.googleusercontent.com/EGemoI2NTXmTsBVtJqk8jxF9rh8ApRWfsIMQSt2uE4OcpQqbFu7f7NbTK05lx80nuSijCz7sc3a277R67g,I'm sure it will be a 5 once I put some $ up lol,3,0,10.23.1,2019-09-29 23:26:57,,,10.23.1,48.0,2019-09
33f82212-d9e4-4bdb-a553-6345c4c87bc4,A Google user,https://play-lh.googleusercontent.com/EGemoI2NTXmTsBVtJqk8jxF9rh8ApRWfsIMQSt2uE4OcpQqbFu7f7NbTK05lx80nuSijCz7sc3a277R67g,"Lixo. Se vc paga, as propagandas continuam. ""Vc tem xx likes"" e na √°rea de curtir ou n√£o aparece ""n√£o h√° mais ningu√©m perto de vc""....",1,0,15.7.1,2024-05-09 01:30:55,,,15.7.1,134.0,2024-05
ea9541b3-91ca-46b2-999d-c2f4238acc46,A Google user,https://play-lh.googleusercontent.com/EGemoI2NTXmTsBVtJqk8jxF9rh8ApRWfsIMQSt2uE4OcpQqbFu7f7NbTK05lx80nuSijCz7sc3a277R67g,"Thanks to finding someone like me, someone with bliss ,most amazing girl ...",5,0,7.6.0,2017-10-09 15:09:12,,,7.6.0,76.0,2017-10
af61e99d-6d21-43cf-893f-d09a487f8a52,A Google user,https://play-lh.googleusercontent.com/EGemoI2NTXmTsBVtJqk8jxF9rh8ApRWfsIMQSt2uE4OcpQqbFu7f7NbTK05lx80nuSijCz7sc3a277R67g,The app is nice I love it but I'm having issues to log in,5,0,,2018-08-09 21:45:28,,,,57.0,2018-08
6c897e71-dd2b-4724-9b27-10ab4b3f132b,A Google user,https://play-lh.googleusercontent.com/EGemoI2NTXmTsBVtJqk8jxF9rh8ApRWfsIMQSt2uE4OcpQqbFu7f7NbTK05lx80nuSijCz7sc3a277R67g,"So i wanted to try it , installed everything but it wont log in and yes i have tried all the possibilities to fix, JUST SIMPLY THERE'S NO WAY TO FIX IT ...",1,0,2.2.1,2014-03-24 13:22:06,"Hi Macius, thanks for trying out Tinder. Do you have the Facebook app? If you dont, please install it and log in to your Facebook account. Make sure you have the latest version of Tinder and Facebook. Make sure the GPS (location services) on your device is enabled. Let me know if this helps!",2014-03-26 02:48:53,2.2.1,155.0,2014-03
6bf9a863-04de-47d3-acf8-dba6810c9c62,A Google user,https://play-lh.googleusercontent.com/EGemoI2NTXmTsBVtJqk8jxF9rh8ApRWfsIMQSt2uE4OcpQqbFu7f7NbTK05lx80nuSijCz7sc3a277R67g,I want sub from my google is not going,2,0,14.7.0,2023-04-30 12:00:49,,,14.7.0,38.0,2023-04
27cfe584-017f-4c79-afdd-d40a44c462bd,A Google user,https://play-lh.googleusercontent.com/EGemoI2NTXmTsBVtJqk8jxF9rh8ApRWfsIMQSt2uE4OcpQqbFu7f7NbTK05lx80nuSijCz7sc3a277R67g,"Not really worth the time. Full of bots and scam accounts. Used to be great when it first came on the scene but seems it's just about squeezing out a dime at every corner. For that, a bar is better.",1,3,13.3.0,2022-03-08 19:50:06,,,13.3.0,198.0,2022-03
7756ce8f-6e60-486c-aaba-146d4240ea39,A Google user,https://play-lh.googleusercontent.com/EGemoI2NTXmTsBVtJqk8jxF9rh8ApRWfsIMQSt2uE4OcpQqbFu7f7NbTK05lx80nuSijCz7sc3a277R67g,The app is very poor i purchased the platinume subscription and use boost and i did not get any likes and after two days I have unlimited like swipe and app show locating new person. but the is i am using platinume feature If I have like anyone she is showing randomly my profile in priority but the truth is app feature is fraud there is no chance matches and totally waist of money and time.,1,1,14.2.0,2023-02-26 17:07:39,,,14.2.0,393.0,2023-02
6ca18cef-c99a-4d25-8857-281f2325fc35,A Google user,https://play-lh.googleusercontent.com/EGemoI2NTXmTsBVtJqk8jxF9rh8ApRWfsIMQSt2uE4OcpQqbFu7f7NbTK05lx80nuSijCz7sc3a277R67g,80% of the female accounts are either fake or they live hundreds of miles away even though my search is only 20 miles....    rigged app,1,0,5.4.2,2016-09-11 17:10:21,,,5.4.2,135.0,2016-09
6522560d-b776-4816-9986-4c9ac2143549,A Google user,https://play-lh.googleusercontent.com/EGemoI2NTXmTsBVtJqk8jxF9rh8ApRWfsIMQSt2uE4OcpQqbFu7f7NbTK05lx80nuSijCz7sc3a277R67g,LOGIN PROBLEMüòë  It keeps telling me that there is an error. i tried uninstalling and re installing but its the same problem yet again.,1,9,7.3.0,2017-07-09 13:07:24,,,7.3.0,134.0,2017-07
d22dc815-f907-481e-8a5c-9b59aba44d22,A Google user,https://play-lh.googleusercontent.com/EGemoI2NTXmTsBVtJqk8jxF9rh8ApRWfsIMQSt2uE4OcpQqbFu7f7NbTK05lx80nuSijCz7sc3a277R67g,"Everything is easy to use in the app, I liked it",5,1,5.0.5,2016-05-14 00:30:25,,,5.0.5,48.0,2016-05
14c718d3-414a-43f4-8ab3-ab94ce14288d,A Google user,https://play-lh.googleusercontent.com/EGemoI2NTXmTsBVtJqk8jxF9rh8ApRWfsIMQSt2uE4OcpQqbFu7f7NbTK05lx80nuSijCz7sc3a277R67g,good app but not for studious ethical people.,5,0,12.17.0,2021-10-02 16:04:58,,,12.17.0,45.0,2021-10
96f93a48-7222-4075-b40e-8d4a921b4841,A Google user,https://play-lh.googleusercontent.com/EGemoI2NTXmTsBVtJqk8jxF9rh8ApRWfsIMQSt2uE4OcpQqbFu7f7NbTK05lx80nuSijCz7sc3a277R67g,They Need Sued. 1. for shadow banning amd 2 accesibility issues. They removed dark mode and i happen to have an eye without an Iris. Using it hurts my eyes so I'm suing.,1,1,15.6.1,2024-04-21 05:16:59,,,15.6.1,169.0,2024-04
097bbce3-6aaa-449b-9f5b-ed995d4f5fef,A Google user,https://play-lh.googleusercontent.com/EGemoI2NTXmTsBVtJqk8jxF9rh8ApRWfsIMQSt2uE4OcpQqbFu7f7NbTK05lx80nuSijCz7sc3a277R67g,its good ap but people lost very easily,4,0,10.0.1,2019-05-08 05:31:44,,,10.0.1,39.0,2019-05
b4f33e96-eb53-4b18-9c40-8365f7fb9b70,A Google user,https://play-lh.googleusercontent.com/EGemoI2NTXmTsBVtJqk8jxF9rh8ApRWfsIMQSt2uE4OcpQqbFu7f7NbTK05lx80nuSijCz7sc3a277R67g,Waste money here,1,0,,2024-03-29 09:27:06,"Sorry to hear you‚Äôre having a negative experience with Tinder. We appreciate you taking the time to reach out to us, so thank you for sharing your feedback.",2024-03-29 22:44:22,,16.0,2024-03
cba592a4-e411-44ef-8901-e4af58b8cc87,A Google user,https://play-lh.googleusercontent.com/EGemoI2NTXmTsBVtJqk8jxF9rh8ApRWfsIMQSt2uE4OcpQqbFu7f7NbTK05lx80nuSijCz7sc3a277R67g,"The app completely shut down my phone, after downloading and opening the app initially it was fine, second time i get a blank white loading screen phone turns off What the heck",2,0,10.3.0,2018-12-16 16:52:46,,,10.3.0,176.0,2018-12
edebeb9f-655b-48c0-9f60-d8c384de7f3b,A Google user,https://play-lh.googleusercontent.com/EGemoI2NTXmTsBVtJqk8jxF9rh8ApRWfsIMQSt2uE4OcpQqbFu7f7NbTK05lx80nuSijCz7sc3a277R67g,People are using this app just for fun..,1,0,,2019-09-02 02:06:10,,,,40.0,2019-09
4749e1ce-1d12-44d9-a209-cc7444ddc3ef,A Google user,https://play-lh.googleusercontent.com/EGemoI2NTXmTsBVtJqk8jxF9rh8ApRWfsIMQSt2uE4OcpQqbFu7f7NbTK05lx80nuSijCz7sc3a277R67g,"Got banned after 3 days. No idea why. They demanded I verify my account, which I did. Then they banned me. They won't tell me why. But I used 3 days of tinder gold. Enjoy my money you scammers",1,0,13.8.0,2022-06-11 01:27:53,,,13.8.0,192.0,2022-06
ce10dc93-4588-4b2d-aee4-d8121324ec13,A Google user,https://play-lh.googleusercontent.com/EGemoI2NTXmTsBVtJqk8jxF9rh8ApRWfsIMQSt2uE4OcpQqbFu7f7NbTK05lx80nuSijCz7sc3a277R67g,"You are been warned. I should of pay attention to low rating first. I give 2 stars just to be generous. So I paid $29 for one month. A few bad things: If you don't want your Contacts to know you are on tinder, you have to pay. Even when you pay its not as simple as click to block them. It's nearly impossible to get in touch with someone unless they matched you? Navigating through the app it's frustrating. If you want more exposure you have to keep paying. I think I've been deceived. Hope not.",2,210,13.13.0,2022-08-07 15:51:38,,,13.13.0,497.0,2022-08
6de5c2b4-de42-4591-9fd6-4bc21e875f7e,A Google user,https://play-lh.googleusercontent.com/EGemoI2NTXmTsBVtJqk8jxF9rh8ApRWfsIMQSt2uE4OcpQqbFu7f7NbTK05lx80nuSijCz7sc3a277R67g,"Every time i log into it, it says, ""Oops, Something went wrong. Please try 
again later"". It has been happening since last week. Please help",2,1,,2018-06-18 02:55:50,"Well that‚Äôs no good! We‚Äôre sorry to hear that and want to resolve this issue ASAP. Please visit our FAQ at www.gotinder.com/FAQ for troubleshooting tips. Hopefully, you‚Äôll be back to swiping in no time!",2018-06-19 22:12:41,,140.0,2018-06
4a5fc9ee-1db3-442b-8da6-8d602fb081a8,A Google user,https://play-lh.googleusercontent.com/EGemoI2NTXmTsBVtJqk8jxF9rh8ApRWfsIMQSt2uE4OcpQqbFu7f7NbTK05lx80nuSijCz7sc3a277R67g,its good but subscription amount is too high,4,0,14.5.0,2023-03-31 13:52:22,,,14.5.0,44.0,2023-03
693efb95-bffa-4963-9669-f2c382ad4175,A Google user,https://play-lh.googleusercontent.com/EGemoI2NTXmTsBVtJqk8jxF9rh8ApRWfsIMQSt2uE4OcpQqbFu7f7NbTK05lx80nuSijCz7sc3a277R67g,"It's a handy and efficient app, does just what you need it to do. Great functionality.",5,0,2.2.3,2014-12-05 00:33:47,,,2.2.3,86.0,2014-12
a031eedf-e32d-413b-a5a9-ab1c2c4bb16f,A Google user,https://play-lh.googleusercontent.com/EGemoI2NTXmTsBVtJqk8jxF9rh8ApRWfsIMQSt2uE4OcpQqbFu7f7NbTK05lx80nuSijCz7sc3a277R67g,It's expensive bathong üòî‚úãl,1,0,,2024-11-03 13:13:18,,,,26.0,2024-11
c11e9956-593e-49af-801e-4d49da7ead37,A Google user,https://play-lh.googleusercontent.com/EGemoI2NTXmTsBVtJqk8jxF9rh8ApRWfsIMQSt2uE4OcpQqbFu7f7NbTK05lx80nuSijCz7sc3a277R67g,Now you're trying to suck money out of people. Only a limited amount of likes? That's so stupid. Now we have to pay for the stuff that used to be free. SCUMBAGS!!!,1,0,4.0.6,2015-03-17 08:38:12,,,4.0.6,163.0,2015-03
724f043c-d6db-4921-bb61-cb79e204d4be,A Google user,https://play-lh.googleusercontent.com/EGemoI2NTXmTsBVtJqk8jxF9rh8ApRWfsIMQSt2uE4OcpQqbFu7f7NbTK05lx80nuSijCz7sc3a277R67g,It's Good üëç,5,0,15.18.1,2024-11-02 00:27:44,,,15.18.1,11.0,2024-11
d0bce7d4-b8dd-4574-bf5b-b872a5d7a2ee,A Google user,https://play-lh.googleusercontent.com/EGemoI2NTXmTsBVtJqk8jxF9rh8ApRWfsIMQSt2uE4OcpQqbFu7f7NbTK05lx80nuSijCz7sc3a277R67g,messanger doesnt show notification of received messages..,4,0,10.4.1,2018-12-30 00:35:56,,,10.4.1,57.0,2018-12
42f1b1d4-1c06-47bf-accf-1b89aba10967,A Google user,https://play-lh.googleusercontent.com/EGemoI2NTXmTsBVtJqk8jxF9rh8ApRWfsIMQSt2uE4OcpQqbFu7f7NbTK05lx80nuSijCz7sc3a277R67g,Didn't work. Found only woman who only wanted the man to do all the work. RIP to those women. I found my wife at the bar.,1,0,,2025-02-11 11:46:12,,,,121.0,2025-02
67e2cfba-cabe-43ab-89df-cd9154234949,A Google user,https://play-lh.googleusercontent.com/EGemoI2NTXmTsBVtJqk8jxF9rh8ApRWfsIMQSt2uE4OcpQqbFu7f7NbTK05lx80nuSijCz7sc3a277R67g,"Just swipe to the ""right"". So you don't get ""left"" alone.",4,0,4.0.4,2015-02-10 20:58:47,,,4.0.4,57.0,2015-02
f438effd-9bab-4bec-8e97-a839609f1b02,A Google user,https://play-lh.googleusercontent.com/EGemoI2NTXmTsBVtJqk8jxF9rh8ApRWfsIMQSt2uE4OcpQqbFu7f7NbTK05lx80nuSijCz7sc3a277R67g,I have been on here for days and I am still not engaged to be married. What am I doing wrong?,5,0,10.21.0,2019-08-23 10:40:00,,,10.21.0,93.0,2019-08
a2a0d869-2764-4d49-a868-b25eb8cf6b96,A Google user,https://play-lh.googleusercontent.com/EGemoI2NTXmTsBVtJqk8jxF9rh8ApRWfsIMQSt2uE4OcpQqbFu7f7NbTK05lx80nuSijCz7sc3a277R67g,"if you get banned on this app it doesnt get reviewed, thier customer service is extremely subpar, large user base but a terribly run app. I would highly recommend Bumble, it's a much better and more user friendly app",1,0,10.20.0,2019-08-06 16:44:11,,,10.20.0,216.0,2019-08
ac695457-4346-43d0-9278-4c3049ed665f,A Google user,https://play-lh.googleusercontent.com/EGemoI2NTXmTsBVtJqk8jxF9rh8ApRWfsIMQSt2uE4OcpQqbFu7f7NbTK05lx80nuSijCz7sc3a277R67g,"This app has been ignoring my distance preference of 50 miles, showing me people 100+ miles away and people using the global passport thing... so I'm seeing people 1,000s of miles away. The app also keeps showing me people I have already swiped left (no) on, how many times do I need to keep saying no? This is wildly ridiculous. I updated to the latest version and now there's no longer an icon to click to read people's profiles, this app has become total garbage.",1,4,12.5.0,2021-04-09 12:39:45,,,12.5.0,466.0,2021-04
4b260880-e04c-4335-9ec2-00212a54e483,A Google user,https://play-lh.googleusercontent.com/EGemoI2NTXmTsBVtJqk8jxF9rh8ApRWfsIMQSt2uE4OcpQqbFu7f7NbTK05lx80nuSijCz7sc3a277R67g,Crashes upon trying to view my moments.,1,0,4.1.6,2015-06-21 20:21:07,,,4.1.6,39.0,2015-06
978f3f68-d8c7-4d93-882c-e2c194d94dba,A Google user,https://play-lh.googleusercontent.com/EGemoI2NTXmTsBVtJqk8jxF9rh8ApRWfsIMQSt2uE4OcpQqbFu7f7NbTK05lx80nuSijCz7sc3a277R67g,Bad that that you have to pay for messages,5,0,,2018-01-11 14:15:38,,,,42.0,2018-01
7aaf638b-9fac-492e-aca8-ebb0aa4ea8c8,A Google user,https://play-lh.googleusercontent.com/EGemoI2NTXmTsBVtJqk8jxF9rh8ApRWfsIMQSt2uE4OcpQqbFu7f7NbTK05lx80nuSijCz7sc3a277R67g,For the amount of money spent they can surely fix these bugs but its just sad. Get it together man,1,0,11.26.0,2020-10-14 04:06:24,,,11.26.0,98.0,2020-10
d0fb4192-9599-44a7-b3ed-809bdd00f82b,A Google user,https://play-lh.googleusercontent.com/EGemoI2NTXmTsBVtJqk8jxF9rh8ApRWfsIMQSt2uE4OcpQqbFu7f7NbTK05lx80nuSijCz7sc3a277R67g,Customer support is garbage. The app just froze one day so i uninstalled to try fix it. But then i couldnt log back in cos the phone and email verification never comes. The customer support team doesnt understand English or something. I keep telling them the phone verification comes 20~30 hours later because i'm currently in a foreign country.,1,1,9.12.0,2018-10-15 02:29:52,,,9.12.0,345.0,2018-10
eaea6a86-8ffb-4f6b-b147-aec9504a64c8,A Google user,https://play-lh.googleusercontent.com/EGemoI2NTXmTsBVtJqk8jxF9rh8ApRWfsIMQSt2uE4OcpQqbFu7f7NbTK05lx80nuSijCz7sc3a277R67g,Awesome app I use it regularly and find interesting people to talk to all the time,5,1,11.18.0,2020-06-22 13:25:53,,,11.18.0,82.0,2020-06
59f7c22a-49a5-48aa-a8e3-b99c6ad4e824,A Google user,https://play-lh.googleusercontent.com/EGemoI2NTXmTsBVtJqk8jxF9rh8ApRWfsIMQSt2uE4OcpQqbFu7f7NbTK05lx80nuSijCz7sc3a277R67g,Keeps asking me to turn on Wi-Fi scanning even when Wi-Fi is off I don't want this because if I have it off its offer reason and I don't need tender always scanning my location and less I turn it on its just fine the way was it was. When from for and a half stars to barely 1,1,1,4.3.4,2015-10-02 14:30:34,,,4.3.4,275.0,2015-10
435d1b24-3a7e-47ff-9f18-23ae005cb6ca,A Google user,https://play-lh.googleusercontent.com/EGemoI2NTXmTsBVtJqk8jxF9rh8ApRWfsIMQSt2uE4OcpQqbFu7f7NbTK05lx80nuSijCz7sc3a277R67g,Hmm it's good,2,0,,2018-02-09 15:04:53,,,,13.0,2018-02
07d9cbef-2eab-44c6-b076-2ae77ffe6b26,A Google user,https://play-lh.googleusercontent.com/EGemoI2NTXmTsBVtJqk8jxF9rh8ApRWfsIMQSt2uE4OcpQqbFu7f7NbTK05lx80nuSijCz7sc3a277R67g,This App. Is Nt Fr Find Frndz nd Others. It's Only for Tinder Plus.,1,0,6.0.1,2016-10-10 03:28:16,,,6.0.1,67.0,2016-10
646e3265-d198-479b-8bf1-574107506afd,A Google user,https://play-lh.googleusercontent.com/EGemoI2NTXmTsBVtJqk8jxF9rh8ApRWfsIMQSt2uE4OcpQqbFu7f7NbTK05lx80nuSijCz7sc3a277R67g,Can't log in if i'm using data. Please fix this. Thank you.,2,0,4.3.1,2015-09-06 12:45:27,,,4.3.1,59.0,2015-09
9b49848e-14fd-4ac1-983d-45c6155f464a,A Google user,https://play-lh.googleusercontent.com/EGemoI2NTXmTsBVtJqk8jxF9rh8ApRWfsIMQSt2uE4OcpQqbFu7f7NbTK05lx80nuSijCz7sc3a277R67g,"I tried to text someone and it take me back on main page and show platinum ad, but I have tinder gold already üòí",1,1,12.22.1,2021-12-20 18:13:17,,,12.22.1,111.0,2021-12
44bf5802-8faf-4911-8f0c-22138d896b22,A Google user,https://play-lh.googleusercontent.com/EGemoI2NTXmTsBVtJqk8jxF9rh8ApRWfsIMQSt2uE4OcpQqbFu7f7NbTK05lx80nuSijCz7sc3a277R67g,good aap i like it,5,0,,2019-06-27 05:48:15,,,,18.0,2019-06
c679ab1e-c8fa-4b7f-b889-dc978c5dc820,A Google user,https://play-lh.googleusercontent.com/EGemoI2NTXmTsBVtJqk8jxF9rh8ApRWfsIMQSt2uE4OcpQqbFu7f7NbTK05lx80nuSijCz7sc3a277R67g,Bsdk kbhi match he nahi dete,1,0,10.21.0,2019-08-25 12:39:56,,,10.21.0,28.0,2019-08
e7b9427e-2c14-4810-9da4-49e3909ab7e5,A Google user,https://play-lh.googleusercontent.com/EGemoI2NTXmTsBVtJqk8jxF9rh8ApRWfsIMQSt2uE4OcpQqbFu7f7NbTK05lx80nuSijCz7sc3a277R67g,if I change my preference to km it doesn't save it once I exit the app. I have to change it every time I open the app,1,1,16.28.0,2025-11-12 04:49:34,,,16.28.0,117.0,2025-11
88a38b6d-c203-408e-971d-3d9991b40aeb,A Google user,https://play-lh.googleusercontent.com/EGemoI2NTXmTsBVtJqk8jxF9rh8ApRWfsIMQSt2uE4OcpQqbFu7f7NbTK05lx80nuSijCz7sc3a277R67g,"Awesome app, i lkke how you can go different places ans talk to people. Wish they did profile verifications.",5,0,11.6.0,2020-01-17 07:12:46,,,11.6.0,108.0,2020-01
c33792aa-f038-458e-b1fe-adf79e4fbc6a,A Google user,https://play-lh.googleusercontent.com/EGemoI2NTXmTsBVtJqk8jxF9rh8ApRWfsIMQSt2uE4OcpQqbFu7f7NbTK05lx80nuSijCz7sc3a277R67g,Best way to meet cool people during a pandemic. Thanks Tinder!,5,0,11.27.0,2020-11-07 00:15:08,,,11.27.0,62.0,2020-11
fb3d78e1-2b8f-400c-9bd1-0138127a5223,A Google user,https://play-lh.googleusercontent.com/EGemoI2NTXmTsBVtJqk8jxF9rh8ApRWfsIMQSt2uE4OcpQqbFu7f7NbTK05lx80nuSijCz7sc3a277R67g,"It won't allow me to sign in. I downloaded it and it keeps telling me ""unable to sign in, please try again later"". I installed it and uninstalled it multiple times but it keeps doing the same thing. Heard it's a great app but hate how I can't be the judge of that and try it out myself. :(",1,13,4.0.1,2014-11-14 05:15:26,,,4.0.1,289.0,2014-11
5c58d5d3-9c6f-46aa-bdaa-1b09dbe8ab1e,A Google user,https://play-lh.googleusercontent.com/EGemoI2NTXmTsBVtJqk8jxF9rh8ApRWfsIMQSt2uE4OcpQqbFu7f7NbTK05lx80nuSijCz7sc3a277R67g,Allow us to have videos as apart of our photo album that would be cool,4,2,8.11.2,2018-04-16 01:51:56,,,8.11.2,70.0,2018-04
8c8f0b47-0844-4ffb-9252-f0f24f658f4a,A Google user,https://play-lh.googleusercontent.com/EGemoI2NTXmTsBVtJqk8jxF9rh8ApRWfsIMQSt2uE4OcpQqbFu7f7NbTK05lx80nuSijCz7sc3a277R67g,Great app I meet with lots woman xxüòâ,5,0,,2017-03-15 10:35:36,,,,36.0,2017-03
5e05294b-2ffc-4d81-8e70-971b41defd78,A Google user,https://play-lh.googleusercontent.com/EGemoI2NTXmTsBVtJqk8jxF9rh8ApRWfsIMQSt2uE4OcpQqbFu7f7NbTK05lx80nuSijCz7sc3a277R67g,Can't even access it won't allow me any any access at all absulote rubbish,1,1,9.10.0,2018-09-21 14:16:56,"Well that‚Äôs no good! We‚Äôre sorry to hear that and want to resolve this issue ASAP. Please visit our FAQ at www.gotinder.com/FAQ for troubleshooting tips. Hopefully, you‚Äôll be back to swiping in no time!",2018-09-25 00:24:26,9.10.0,74.0,2018-09
ae6473ff-3a23-4e7f-b694-11e3677c93af,A Google user,https://play-lh.googleusercontent.com/EGemoI2NTXmTsBVtJqk8jxF9rh8ApRWfsIMQSt2uE4OcpQqbFu7f7NbTK05lx80nuSijCz7sc3a277R67g,Kicked me out for no reason,1,0,,2022-09-18 13:40:24,,,,27.0,2022-09
9bfbd4c0-d012-4ad4-8845-0a4ee77f9d14,A Google user,https://play-lh.googleusercontent.com/EGemoI2NTXmTsBVtJqk8jxF9rh8ApRWfsIMQSt2uE4OcpQqbFu7f7NbTK05lx80nuSijCz7sc3a277R67g,I like it takes time to get used to but a good app non the less :),5,0,4.5.2,2016-02-24 05:33:29,,,4.5.2,66.0,2016-02
3da579e5-2255-48c8-80a7-59492efc6838,A Google user,https://play-lh.googleusercontent.com/EGemoI2NTXmTsBVtJqk8jxF9rh8ApRWfsIMQSt2uE4OcpQqbFu7f7NbTK05lx80nuSijCz7sc3a277R67g,No Facebook profile and I'm not creating one for this. Useless,1,0,4.0.5,2015-03-07 18:07:13,,,4.0.5,62.0,2015-03
35464637-8d0f-40a9-a544-63328a096b6e,A Google user,https://play-lh.googleusercontent.com/EGemoI2NTXmTsBVtJqk8jxF9rh8ApRWfsIMQSt2uE4OcpQqbFu7f7NbTK05lx80nuSijCz7sc3a277R67g,Its nice app,5,0,8.13.1,2018-05-28 19:53:17,,,8.13.1,12.0,2018-05
a6973d96-d546-4d93-b043-efba3638db9a,A Google user,https://play-lh.googleusercontent.com/EGemoI2NTXmTsBVtJqk8jxF9rh8ApRWfsIMQSt2uE4OcpQqbFu7f7NbTK05lx80nuSijCz7sc3a277R67g,Getting to know the app,4,0,15.7.1,2024-05-04 15:41:58,,,15.7.1,23.0,2024-05
4a3ebd44-8335-4d37-a1f1-71daae5702a9,A Google user,https://play-lh.googleusercontent.com/EGemoI2NTXmTsBVtJqk8jxF9rh8ApRWfsIMQSt2uE4OcpQqbFu7f7NbTK05lx80nuSijCz7sc3a277R67g,to chat a person needs to buy a pass. agh,1,0,15.16.0,2024-09-09 09:40:28,,,15.16.0,41.0,2024-09
55f35919-e6e9-481f-a9e8-1670cac3144b,A Google user,https://play-lh.googleusercontent.com/EGemoI2NTXmTsBVtJqk8jxF9rh8ApRWfsIMQSt2uE4OcpQqbFu7f7NbTK05lx80nuSijCz7sc3a277R67g,my account is banned!!!,1,0,10.13.3,2019-04-28 13:36:34,,,10.13.3,23.0,2019-04
37e22a00-f7ed-4f83-83f5-6076cd957c2b,A Google user,https://play-lh.googleusercontent.com/EGemoI2NTXmTsBVtJqk8jxF9rh8ApRWfsIMQSt2uE4OcpQqbFu7f7NbTK05lx80nuSijCz7sc3a277R67g,I was literally one the app last night I went in to swip more and all of a sudden my account is banned what the hell!!,1,0,13.10.1,2022-06-29 21:51:14,,,13.10.1,118.0,2022-06
5c3a35a4-3877-4d5f-99dc-bc17d2c5b31c,A Google user,https://play-lh.googleusercontent.com/EGemoI2NTXmTsBVtJqk8jxF9rh8ApRWfsIMQSt2uE4OcpQqbFu7f7NbTK05lx80nuSijCz7sc3a277R67g,Nothing to pretentious.,5,0,1.5.5,2013-10-11 21:46:53,,,1.5.5,23.0,2013-10
c12fe4bf-f5ae-43cf-9d8b-d3c8d7d5d9d3,A Google user,https://play-lh.googleusercontent.com/EGemoI2NTXmTsBVtJqk8jxF9rh8ApRWfsIMQSt2uE4OcpQqbFu7f7NbTK05lx80nuSijCz7sc3a277R67g,loving the app its really fun meeting new ppl keep up the good work yall,4,0,10.4.1,2018-12-23 15:18:35,,,10.4.1,72.0,2018-12
be74bac4-df70-455b-895e-1fabd7c7ab92,A Google user,https://play-lh.googleusercontent.com/EGemoI2NTXmTsBVtJqk8jxF9rh8ApRWfsIMQSt2uE4OcpQqbFu7f7NbTK05lx80nuSijCz7sc3a277R67g,"Banned for no obvious reason without any way to appeal, despite having spent more money on this app that I would admit here. They have no consideration for their users.",1,0,12.7.0,2021-05-15 13:34:55,,,12.7.0,168.0,2021-05
8e93c384-70d9-4b94-8ccc-d2d1b47663e0,A Google user,https://play-lh.googleusercontent.com/EGemoI2NTXmTsBVtJqk8jxF9rh8ApRWfsIMQSt2uE4OcpQqbFu7f7NbTK05lx80nuSijCz7sc3a277R67g,Awesome app i found doctor my friend from assam,5,0,,2022-04-16 10:59:01,,,,47.0,2022-04
3f184d7c-40fb-4520-a847-3c351b26a6bd,A Google user,https://play-lh.googleusercontent.com/EGemoI2NTXmTsBVtJqk8jxF9rh8ApRWfsIMQSt2uE4OcpQqbFu7f7NbTK05lx80nuSijCz7sc3a277R67g,Only just downloaded the app then couldn't log in it said log in through face book.. But wasn't what I wanted to do. Maybe there are some people that would like to keep there affairs a little private and don't want the whole world (face book) to know there business,1,0,4.0.1,2014-11-20 13:24:29,,,4.0.1,265.0,2014-11
f5ceda14-7050-40a8-9237-cd1a38323411,A Google user,https://play-lh.googleusercontent.com/EGemoI2NTXmTsBVtJqk8jxF9rh8ApRWfsIMQSt2uE4OcpQqbFu7f7NbTK05lx80nuSijCz7sc3a277R67g,The only app that doesn't work with my home Wi-Fi.,1,0,5.1.2,2016-06-23 14:35:31,,,5.1.2,50.0,2016-06
38a6e0ba-d8df-4b1d-bc4b-67d537d31aac,A Google user,https://play-lh.googleusercontent.com/EGemoI2NTXmTsBVtJqk8jxF9rh8ApRWfsIMQSt2uE4OcpQqbFu7f7NbTK05lx80nuSijCz7sc3a277R67g,I changed to tinder last year and 2 men tried to scam me. I tried tinder again and another man tried to scam me. They ask me to go and buy them gaming cards called Steam cards. They steal other people's photos and trick you into thinking they love you.,3,1,13.10.1,2022-07-05 08:43:00,,,13.10.1,252.0,2022-07
8d106ca3-85f6-41d1-bc5c-8d3ed47c2ba9,A Google user,https://play-lh.googleusercontent.com/EGemoI2NTXmTsBVtJqk8jxF9rh8ApRWfsIMQSt2uE4OcpQqbFu7f7NbTK05lx80nuSijCz7sc3a277R67g,"I am.not happy, I just got banned, without doing anything wrong and don't told whh.am.i banned. After paying so.mucb money",1,1,14.24.3,2023-12-25 06:30:51,,,14.24.3,122.0,2023-12
65a49c38-babf-415e-89d5-471dc0d23eea,A Google user,https://play-lh.googleusercontent.com/EGemoI2NTXmTsBVtJqk8jxF9rh8ApRWfsIMQSt2uE4OcpQqbFu7f7NbTK05lx80nuSijCz7sc3a277R67g,I cant log in. Its always in error... I still have my subscription but they don't verify me.,1,0,10.19.0,2021-06-10 18:37:48,,,10.19.0,92.0,2021-06
40b35621-4348-40de-a9bf-183d32ec76bf,A Google user,https://play-lh.googleusercontent.com/EGemoI2NTXmTsBVtJqk8jxF9rh8ApRWfsIMQSt2uE4OcpQqbFu7f7NbTK05lx80nuSijCz7sc3a277R67g,FRAUD APP..... NO MATCH IN A WHOLE MONTH..... ask money everytime....... SCAM APP...... WON'T WORK FREE......,1,0,11.25.0,2020-10-06 13:09:47,,,11.25.0,109.0,2020-10
442936ae-3dae-47cc-9f8b-11e0a6ddb7b4,A Google user,https://play-lh.googleusercontent.com/EGemoI2NTXmTsBVtJqk8jxF9rh8ApRWfsIMQSt2uE4OcpQqbFu7f7NbTK05lx80nuSijCz7sc3a277R67g,Can't find someone who likes me back,2,0,7.4.0,2017-08-19 14:13:48,,,7.4.0,36.0,2017-08
165b1095-122b-40c5-93f9-1f715a99c188,A Google user,https://play-lh.googleusercontent.com/EGemoI2NTXmTsBVtJqk8jxF9rh8ApRWfsIMQSt2uE4OcpQqbFu7f7NbTK05lx80nuSijCz7sc3a277R67g,its amazing i love it meeting new people getting to know people and its all yhanks to you tinder üòçüòçüòòüòò,5,0,11.8.1,2020-02-20 10:43:18,,,11.8.1,101.0,2020-02
d40e3180-d5d7-4d85-93a3-426eb10090a9,A Google user,https://play-lh.googleusercontent.com/EGemoI2NTXmTsBVtJqk8jxF9rh8ApRWfsIMQSt2uE4OcpQqbFu7f7NbTK05lx80nuSijCz7sc3a277R67g,Eat my ass   .,5,0,,2017-04-01 19:29:24,,,,14.0,2017-04
18ac7e78-cd99-48e7-973e-265b8ab25b91,A Google user,https://play-lh.googleusercontent.com/EGemoI2NTXmTsBVtJqk8jxF9rh8ApRWfsIMQSt2uE4OcpQqbFu7f7NbTK05lx80nuSijCz7sc3a277R67g,Matching is pretty good,5,0,8.12.0,2018-06-12 00:24:36,,,8.12.0,23.0,2018-06
4ff5ffc0-4431-4989-bb9d-702066134ebb,A Google user,https://play-lh.googleusercontent.com/EGemoI2NTXmTsBVtJqk8jxF9rh8ApRWfsIMQSt2uE4OcpQqbFu7f7NbTK05lx80nuSijCz7sc3a277R67g,update is very bad not able to operate,1,0,,2019-02-03 14:00:07,,,,38.0,2019-02
f13349b6-01e9-45ac-8717-3688aaad34b5,A Google user,https://play-lh.googleusercontent.com/EGemoI2NTXmTsBVtJqk8jxF9rh8ApRWfsIMQSt2uE4OcpQqbFu7f7NbTK05lx80nuSijCz7sc3a277R67g,"The simplicity of this app coupled with the ability to use your Facebook pictures, wow! Just great.",5,0,5.1.2,2016-06-11 03:12:51,,,5.1.2,99.0,2016-06
feccf0b2-5978-45fd-96c9-c7bce7c1527c,A Google user,https://play-lh.googleusercontent.com/EGemoI2NTXmTsBVtJqk8jxF9rh8ApRWfsIMQSt2uE4OcpQqbFu7f7NbTK05lx80nuSijCz7sc3a277R67g,It sucks! The app keeps crashing on me.,1,2,8.1.1,2017-11-26 15:56:48,"Hi Lexi, make sure that your phone‚Äôs operating system is up-to-date and that you have the latest version of Tinder, then try force quitting the app. If the issue persists, try reinstalling the app; this won't delete your matches and messages. Note: Tinder only supports Android 4.0.3 and up.",2017-11-27 22:43:09,8.1.1,39.0,2017-11
674b7d86-5b94-4657-bc3a-49709ca17fb7,A Google user,https://play-lh.googleusercontent.com/EGemoI2NTXmTsBVtJqk8jxF9rh8ApRWfsIMQSt2uE4OcpQqbFu7f7NbTK05lx80nuSijCz7sc3a277R67g,it's not particularly fast or responsive,3,0,14.22.1,2023-11-27 16:59:23,,,14.22.1,40.0,2023-11
d2d0ebef-c2f1-4e22-84d0-173de320eb85,A Google user,https://play-lh.googleusercontent.com/EGemoI2NTXmTsBVtJqk8jxF9rh8ApRWfsIMQSt2uE4OcpQqbFu7f7NbTK05lx80nuSijCz7sc3a277R67g,Very ANNOYED with Tinder banning me from there! I was new to using Tinder on Monday 1 January 2024 & my last day there was Tuesday 2 January 2024! Tinder refused to help me even on support when I was a new user signing up to Tinder on Monday 1 January 2024 only to be banned on Wednesday 3 January 2024! Can't access Tinder since that ban on Wednesday 3 January 2024 for no reason why! My dream of finding perfect match on Tinder was now RUINED!!! Please DO NOT WRITE BACK & TELL ME THAT IS OKAY!!!!!,1,0,14.24.3,2024-01-06 00:36:05,"Thank you for your comment. We're sorry you didn't enjoy your experience on Tinder. Your feedback is important to us, and we appreciate you taking the time to share your thoughts.",2024-01-06 00:44:58,14.24.3,500.0,2024-01
c177b414-0148-4e3c-b70c-ef9d5b7cc767,A Google user,https://play-lh.googleusercontent.com/EGemoI2NTXmTsBVtJqk8jxF9rh8ApRWfsIMQSt2uE4OcpQqbFu7f7NbTK05lx80nuSijCz7sc3a277R67g,"I am so cross with this app,thes said i must pay R83.00 but now they took R453.00 from my Account. you guys are scammers. please pay back my money",1,0,12.2.0,2021-03-04 08:08:11,,,12.2.0,146.0,2021-03
31ab5841-ba37-4ea1-974d-2dd894073534,A Google user,https://play-lh.googleusercontent.com/EGemoI2NTXmTsBVtJqk8jxF9rh8ApRWfsIMQSt2uE4OcpQqbFu7f7NbTK05lx80nuSijCz7sc3a277R67g,Payment deducted but no payment reference genarated. The payment gateway doesn't even asks for otp/ pin. Any one can use any card for payment.,1,13,13.3.0,2022-03-05 05:00:16,,,13.3.0,142.0,2022-03
5c469b28-6ad6-41f8-9dec-2fad1bd422cf,A Google user,https://play-lh.googleusercontent.com/EGemoI2NTXmTsBVtJqk8jxF9rh8ApRWfsIMQSt2uE4OcpQqbFu7f7NbTK05lx80nuSijCz7sc3a277R67g,Don't like that you have to put your gps on to you the app,4,0,10.23.2,2019-09-21 22:16:05,,,10.23.2,58.0,2019-09
f788d17e-b9ad-4a15-95e4-02683f24d502,A Google user,https://play-lh.googleusercontent.com/EGemoI2NTXmTsBVtJqk8jxF9rh8ApRWfsIMQSt2uE4OcpQqbFu7f7NbTK05lx80nuSijCz7sc3a277R67g,Galaxy S4 will not send confirmation code,1,1,4.0.6,2015-03-14 23:12:03,,,4.0.6,41.0,2015-03
f942c637-8011-4120-9e59-e3f6aace2c42,A Google user,https://play-lh.googleusercontent.com/EGemoI2NTXmTsBVtJqk8jxF9rh8ApRWfsIMQSt2uE4OcpQqbFu7f7NbTK05lx80nuSijCz7sc3a277R67g,"I need your help to gain access to my account please, it has been banned for a long time now, due to the verification picture i took in the dark, before i correct it, i got banned, I'm so real and not a scammer please help me regain access to my account",3,0,,2024-09-21 17:03:07,,,,253.0,2024-09
182e18fb-078b-423f-a928-fbbe9c7a5903,A Google user,https://play-lh.googleusercontent.com/EGemoI2NTXmTsBVtJqk8jxF9rh8ApRWfsIMQSt2uE4OcpQqbFu7f7NbTK05lx80nuSijCz7sc3a277R67g,"Never thought I'd review an app much less tinder but here r some quick pros n cons for men and women Men + find women to talk to easy + dating made easy during covid + u will find someone eventually - matches can be hard - often profiles can be blank/bland so it's hard to start a conversation - not really a ""dating"" app Women - Men on this app are horny 24/7 + alot of matches - most are just guys wanting to smash once + Easy hookups if u want There u go. Hope this helps",2,3,12.17.0,2021-09-27 06:36:20,,,12.17.0,474.0,2021-09
d686078f-c116-4ba5-89c2-a149af4bf18b,A Google user,https://play-lh.googleusercontent.com/EGemoI2NTXmTsBVtJqk8jxF9rh8ApRWfsIMQSt2uE4OcpQqbFu7f7NbTK05lx80nuSijCz7sc3a277R67g,WHY CAN'T I LOGIN?,1,0,6.11.0,2017-05-10 12:42:09,,,6.11.0,18.0,2017-05
55be8b4b-eab2-4503-a86f-0740d084cfb1,A Google user,https://play-lh.googleusercontent.com/EGemoI2NTXmTsBVtJqk8jxF9rh8ApRWfsIMQSt2uE4OcpQqbFu7f7NbTK05lx80nuSijCz7sc3a277R67g,"Got an error when loading then reinstalled now I can't log in at all, 
trying to log in through Facebook anyone else got this problem? üòí",1,1,8.11.2,2018-04-14 23:02:55,"Well that‚Äôs no good! We‚Äôre sorry to hear that and want to resolve this issue ASAP. Please visit our FAQ at www.gotinder.com/FAQ for troubleshooting tips. Hopefully, you‚Äôll be back to swiping in no time!",2018-04-16 23:21:05,8.11.2,136.0,2018-04
e49bfd31-8195-4a70-b760-70672df88ec3,A Google user,https://play-lh.googleusercontent.com/EGemoI2NTXmTsBVtJqk8jxF9rh8ApRWfsIMQSt2uE4OcpQqbFu7f7NbTK05lx80nuSijCz7sc3a277R67g,"This app is terrible, it's just a scam to take your money, they have fake accounts to try and get you engaged with the app. It's a scam.",1,2,15.11.0,2024-07-04 01:13:12,,,15.11.0,136.0,2024-07
007f4a38-4491-454a-bb34-4cc6c7e60d3f,A Google user,https://play-lh.googleusercontent.com/EGemoI2NTXmTsBVtJqk8jxF9rh8ApRWfsIMQSt2uE4OcpQqbFu7f7NbTK05lx80nuSijCz7sc3a277R67g,"tinder is a cheat and please do not waste your money taking tinder gold or super likes. its flooded with Spams and all of suuden for no reason , they will cancel the account and not provide refund. Inspite of repeated communication to customercare , they dont care nor provide solutions nor refund my money. its very frustating . I wish to bring this incident to everybody. my account got cancelled for no reasons , i lost all my friends n contacts . So what is the use of taking tinder gold n super",1,0,,2019-03-27 15:01:54,,,,499.0,2019-03
0d122d0f-c1f1-429c-b887-d927d35b2e01,A Google user,https://play-lh.googleusercontent.com/EGemoI2NTXmTsBVtJqk8jxF9rh8ApRWfsIMQSt2uE4OcpQqbFu7f7NbTK05lx80nuSijCz7sc3a277R67g,Nice way to.meet new people...,5,0,5.0.4,2016-04-30 03:59:02,,,5.0.4,30.0,2016-04
bac820df-eaf0-4e19-933f-e7d12da64d95,A Google user,https://play-lh.googleusercontent.com/EGemoI2NTXmTsBVtJqk8jxF9rh8ApRWfsIMQSt2uE4OcpQqbFu7f7NbTK05lx80nuSijCz7sc3a277R67g,Editing options for your profile is lame.,1,0,4.0.2,2014-12-08 18:41:01,,,4.0.2,41.0,2014-12
3c0e6b64-2196-425f-bf2e-91237aa2bb9d,A Google user,https://play-lh.googleusercontent.com/EGemoI2NTXmTsBVtJqk8jxF9rh8ApRWfsIMQSt2uE4OcpQqbFu7f7NbTK05lx80nuSijCz7sc3a277R67g,hella h***,5,0,10.9.0,2019-03-18 03:29:14,,,10.9.0,10.0,2019-03
3545c02c-f52e-4e63-8982-a413597d3853,A Google user,https://play-lh.googleusercontent.com/EGemoI2NTXmTsBVtJqk8jxF9rh8ApRWfsIMQSt2uE4OcpQqbFu7f7NbTK05lx80nuSijCz7sc3a277R67g,"Paid for subscription... The app randomly logs out/hides matches/crashes.. really frustrating, and now it doesnt sign in... you'd expect after all this time you'd have a handle on this... unintalled and installed again no good pleadr fix",1,7,6.4.1,2016-11-14 23:07:09,,,6.4.1,237.0,2016-11
a9360053-c19b-46f8-a1bc-e44e3d676e2b,A Google user,https://play-lh.googleusercontent.com/EGemoI2NTXmTsBVtJqk8jxF9rh8ApRWfsIMQSt2uE4OcpQqbFu7f7NbTK05lx80nuSijCz7sc3a277R67g,Kept it for 2 years not even a single match Worst app waste of time,1,0,,2019-09-09 10:35:59,"Hi there! Try updating your photos or turn on Smart Photos. Pro tip: the information in your bio is just as strong as a quality profile pic because it helps potential matches know more about you. Stay encouraged, we‚Äôre confident a new match is only a few swipes away!",2019-09-11 01:20:16,,67.0,2019-09
3ae29d3b-44fd-4038-9d15-58d2f548592b,A Google user,https://play-lh.googleusercontent.com/EGemoI2NTXmTsBVtJqk8jxF9rh8ApRWfsIMQSt2uE4OcpQqbFu7f7NbTK05lx80nuSijCz7sc3a277R67g,So many ads,1,0,,2024-07-09 14:50:30,,,,11.0,2024-07
23715cf7-27fb-4a50-87c2-cdc9ee90f139,A Google user,https://play-lh.googleusercontent.com/EGemoI2NTXmTsBVtJqk8jxF9rh8ApRWfsIMQSt2uE4OcpQqbFu7f7NbTK05lx80nuSijCz7sc3a277R67g,It's cool or whatever,4,1,6.10.0,2017-04-17 19:10:20,,,6.10.0,21.0,2017-04
72a55537-8cc3-4f78-8473-c7f91156c894,A Google user,https://play-lh.googleusercontent.com/EGemoI2NTXmTsBVtJqk8jxF9rh8ApRWfsIMQSt2uE4OcpQqbFu7f7NbTK05lx80nuSijCz7sc3a277R67g,"Whenever I press log in to Facebook, it keep on going on circles like it will take me back to the main home again. I can't log in",1,0,6.4.1,2016-11-04 13:29:58,"Hi, this might be temporary so please try again later. If the issue persists, try reinstalling the app; this won't delete your matches and messages. I hope this helps!",2016-11-08 07:28:33,6.4.1,129.0,2016-11
7e9edaa3-29fd-4796-a3fc-0d9704f72155,A Google user,https://play-lh.googleusercontent.com/EGemoI2NTXmTsBVtJqk8jxF9rh8ApRWfsIMQSt2uE4OcpQqbFu7f7NbTK05lx80nuSijCz7sc3a277R67g,"It alerts me to messages that aren't there until I message them, then it shows up. Also I logged out then logged back in and most of no matches have disappeared but will still alert to messages received by the missing person!",3,0,2.2.1,2014-03-17 16:03:20,"Hi Emma, thanks for trying out Tinder. Navigate to your settings panel, log out and log back in. Go to your Matches and wait for the list to load. If it doesn't load, you may have to reinstall the app. As long as you haven‚Äôt accidentally deleted your account you should be fine!",2014-05-02 02:12:20,2.2.1,225.0,2014-03
247e7fe2-3382-4a5c-8ca2-896762f6326d,A Google user,https://play-lh.googleusercontent.com/EGemoI2NTXmTsBVtJqk8jxF9rh8ApRWfsIMQSt2uE4OcpQqbFu7f7NbTK05lx80nuSijCz7sc3a277R67g,I don't think the app is bad but a video option would be great like vine or IG. Better picture quality would also be great with more filter options too. The picture tends to magnify itself when sharing a moment causing it to loose great quality and blur. It's annoying. For some reason i never receive my notifications until hours later. I recently deleted my account due to the app having technical difficulties and tried to log back in but now it wont let me log in.,3,1,3.3.2,2014-10-30 02:45:55,"Hi, thanks for trying out Tinder. We appreciate your feedback. We aim to improve the app with each new release and look forward to upcoming updates. I'm sorry for the inconvenience. I hope you'll keep Tindering!",2014-10-20 08:28:48,3.3.2,468.0,2014-10
e751f3fa-1995-4646-a986-6bc50f44e389,A Google user,https://play-lh.googleusercontent.com/EGemoI2NTXmTsBVtJqk8jxF9rh8ApRWfsIMQSt2uE4OcpQqbFu7f7NbTK05lx80nuSijCz7sc3a277R67g,Very much fake app,1,0,13.6.1,2022-04-26 05:49:06,,,13.6.1,18.0,2022-04
3cdd996f-9ec2-429b-b197-f832fb242e25,A Google user,https://play-lh.googleusercontent.com/EGemoI2NTXmTsBVtJqk8jxF9rh8ApRWfsIMQSt2uE4OcpQqbFu7f7NbTK05lx80nuSijCz7sc3a277R67g,Messages are not loading...,5,0,10.4.0,2018-12-23 04:00:56,,,10.4.0,27.0,2018-12
98acec1c-8e86-4346-a3f0-2fad03f8be91,A Google user,https://play-lh.googleusercontent.com/EGemoI2NTXmTsBVtJqk8jxF9rh8ApRWfsIMQSt2uE4OcpQqbFu7f7NbTK05lx80nuSijCz7sc3a277R67g,Met really cool people through this I thought it was fake üôà‚ú®üôä,5,0,9.12.0,2018-10-24 08:34:43,,,9.12.0,61.0,2018-10
e9eadfb2-8fa4-4704-88e7-7c56c60b947f,A Google user,https://play-lh.googleusercontent.com/EGemoI2NTXmTsBVtJqk8jxF9rh8ApRWfsIMQSt2uE4OcpQqbFu7f7NbTK05lx80nuSijCz7sc3a277R67g,Nice app though gives small likes,3,0,15.23.0,2024-12-29 14:26:56,,,15.23.0,33.0,2024-12
98c123fd-ea66-4b67-99a4-daf2a0c82580,A Google user,https://play-lh.googleusercontent.com/EGemoI2NTXmTsBVtJqk8jxF9rh8ApRWfsIMQSt2uE4OcpQqbFu7f7NbTK05lx80nuSijCz7sc3a277R67g,I have made more than 10000 swipe but didn't got any i have a doubt on this app,1,1,6.8.4,2017-04-07 21:44:09,,,6.8.4,79.0,2017-04
2b62dc98-6abd-4e98-850e-d6911ee2f1ff,A Google user,https://play-lh.googleusercontent.com/EGemoI2NTXmTsBVtJqk8jxF9rh8ApRWfsIMQSt2uE4OcpQqbFu7f7NbTK05lx80nuSijCz7sc3a277R67g,Needs an option where you can sign in with just an email not only facebook,1,0,,2015-02-27 00:45:44,,,,74.0,2015-02
7db9d1c8-9a3b-4c62-8cc3-ce92f0adddee,A Google user,https://play-lh.googleusercontent.com/EGemoI2NTXmTsBVtJqk8jxF9rh8ApRWfsIMQSt2uE4OcpQqbFu7f7NbTK05lx80nuSijCz7sc3a277R67g,"Cant login anymore,",2,0,4.4.4,2016-01-31 11:23:51,,,4.4.4,19.0,2016-01
2b4d5127-7610-433d-ac30-fde24b56b193,A Google user,https://play-lh.googleusercontent.com/EGemoI2NTXmTsBVtJqk8jxF9rh8ApRWfsIMQSt2uE4OcpQqbFu7f7NbTK05lx80nuSijCz7sc3a277R67g,Tinder has beautiful girls and women. The only thing is you'll have to wait for an answer maybe 5 days later,5,0,12.23.0,2021-12-29 06:38:25,,,12.23.0,108.0,2021-12
5eb48d62-0f48-4cc7-ace8-c91aa6eb6676,A Google user,https://play-lh.googleusercontent.com/EGemoI2NTXmTsBVtJqk8jxF9rh8ApRWfsIMQSt2uE4OcpQqbFu7f7NbTK05lx80nuSijCz7sc3a277R67g,"I don't want my profile to be shown in ""super likeable""! Because of this function I can't use Tinder any more.  I paid for Gold subscription and chose option ""only people I've right swiped will see me"" and was sure that my profile is confidential. BUT recently due to Tinder Gold I've started to see people who super liked me, but I haven't right swiped them before! It means that my profile is shown at ""super likeable"" and I'm disappointed with that fact. Could you please settle this problem and inform about it. Thank you!",3,0,8.6.2,2018-02-24 09:15:25,,,8.6.2,526.0,2018-02
81c4ad52-8091-4bfd-9033-e9c58f070121,A Google user,https://play-lh.googleusercontent.com/EGemoI2NTXmTsBVtJqk8jxF9rh8ApRWfsIMQSt2uE4OcpQqbFu7f7NbTK05lx80nuSijCz7sc3a277R67g,Full of bots! No real people on here!,1,0,6.9.2,2017-03-30 02:08:34,,,6.9.2,37.0,2017-03
5c5fb310-fbc5-4f52-99ed-a28869f9d5cc,A Google user,https://play-lh.googleusercontent.com/EGemoI2NTXmTsBVtJqk8jxF9rh8ApRWfsIMQSt2uE4OcpQqbFu7f7NbTK05lx80nuSijCz7sc3a277R67g,Really a good experience wd the people which are in tinder really awesome almost I spent my lock down here only tqqqq,5,0,11.21.0,2020-08-18 19:30:13,,,11.21.0,117.0,2020-08
7df7c111-9987-4133-988a-daa7148af9bd,A Google user,https://play-lh.googleusercontent.com/EGemoI2NTXmTsBVtJqk8jxF9rh8ApRWfsIMQSt2uE4OcpQqbFu7f7NbTK05lx80nuSijCz7sc3a277R67g,"Since the new update, I can't even log in. When WiFi is on it states there's no network and when I try logging on with network it just keeps failing.",2,0,4.5.0,2016-02-06 08:56:24,,,4.5.0,149.0,2016-02
40277373-3bce-439f-86be-f71d68606527,A Google user,https://play-lh.googleusercontent.com/EGemoI2NTXmTsBVtJqk8jxF9rh8ApRWfsIMQSt2uE4OcpQqbFu7f7NbTK05lx80nuSijCz7sc3a277R67g,Without premium completely useless.,1,0,13.6.1,2022-05-19 22:53:32,,,13.6.1,35.0,2022-05
f4a851e6-051a-4fb2-850b-387e5cbebf6e,A Google user,https://play-lh.googleusercontent.com/EGemoI2NTXmTsBVtJqk8jxF9rh8ApRWfsIMQSt2uE4OcpQqbFu7f7NbTK05lx80nuSijCz7sc3a277R67g,Banned for absolutely no reason and when I tried to reach out to them I got no reply so screw em ig.,1,0,,2020-05-12 14:58:17,,,,100.0,2020-05
ebb83936-ed94-4425-b094-2ef97a73315d,A Google user,https://play-lh.googleusercontent.com/EGemoI2NTXmTsBVtJqk8jxF9rh8ApRWfsIMQSt2uE4OcpQqbFu7f7NbTK05lx80nuSijCz7sc3a277R67g,Never works......unable to log in.,1,1,9.12.0,2018-10-16 18:26:06,"Well that‚Äôs no good! We‚Äôre sorry to hear that and want to resolve this issue ASAP. Please visit our FAQ at www.gotinder.com/FAQ for troubleshooting tips. Hopefully, you‚Äôll be back to swiping in no time!",2018-10-19 02:03:14,9.12.0,34.0,2018-10
3a0fc7c1-9941-438d-a1f1-a9cc28eaa2e6,A Google user,https://play-lh.googleusercontent.com/EGemoI2NTXmTsBVtJqk8jxF9rh8ApRWfsIMQSt2uE4OcpQqbFu7f7NbTK05lx80nuSijCz7sc3a277R67g,Hyv√§√§ tinder jutu keskustele,5,0,,2022-08-06 03:09:23,,,,28.0,2022-08
9dbe57e5-96eb-4cda-991e-05cf56efcb93,A Google user,https://play-lh.googleusercontent.com/EGemoI2NTXmTsBVtJqk8jxF9rh8ApRWfsIMQSt2uE4OcpQqbFu7f7NbTK05lx80nuSijCz7sc3a277R67g,Fun times :),5,0,8.1.1,2017-11-17 14:01:02,,,8.1.1,12.0,2017-11
a661cdb0-a0d7-486b-aeae-a50f1849ce23,A Google user,https://play-lh.googleusercontent.com/EGemoI2NTXmTsBVtJqk8jxF9rh8ApRWfsIMQSt2uE4OcpQqbFu7f7NbTK05lx80nuSijCz7sc3a277R67g,I think that you guys should bring back moments! That was a better way to connect with people,4,0,,2017-04-16 18:31:22,,,,93.0,2017-04
08612651-223a-403c-b630-b0ba7754cf4b,A Google user,https://play-lh.googleusercontent.com/EGemoI2NTXmTsBVtJqk8jxF9rh8ApRWfsIMQSt2uE4OcpQqbFu7f7NbTK05lx80nuSijCz7sc3a277R67g,Installed and doesn't go any further.,1,0,2.2.0,2014-02-14 21:12:38,"Hi Jill, thanks for trying out Tinder. Do you have the Facebook app? If you dont, please install it and log in to your Facebook account. Make sure you have the latest version of Tinder and Facebook. Make sure the GPS (location services) on your device is enabled. Let me know if this helps!",2014-02-18 03:57:15,2.2.0,37.0,2014-02
775a01e4-604b-4ae6-88ed-bd9d4fcffcc5,A Google user,https://play-lh.googleusercontent.com/EGemoI2NTXmTsBVtJqk8jxF9rh8ApRWfsIMQSt2uE4OcpQqbFu7f7NbTK05lx80nuSijCz7sc3a277R67g,cost money to do anything. no people in your area,1,1,15.18.1,2024-10-15 16:18:19,,,15.18.1,49.0,2024-10
da1b1782-abe8-4d6f-b421-492f8063ff64,A Google user,https://play-lh.googleusercontent.com/EGemoI2NTXmTsBVtJqk8jxF9rh8ApRWfsIMQSt2uE4OcpQqbFu7f7NbTK05lx80nuSijCz7sc3a277R67g,people still very racist,1,0,10.5.0,2019-01-26 19:28:47,,,10.5.0,24.0,2019-01
80d21260-4282-4ad4-b2f6-f9b48e41c967,A Google user,https://play-lh.googleusercontent.com/EGemoI2NTXmTsBVtJqk8jxF9rh8ApRWfsIMQSt2uE4OcpQqbFu7f7NbTK05lx80nuSijCz7sc3a277R67g,"My account gas been bqnned after I updated the app? What the hell, i have been reporting creeps that harrass me and i got banned by updating the app???",1,0,12.6.0,2021-05-01 20:04:19,,,12.6.0,151.0,2021-05
4171c7a9-5c62-47c2-b4ad-5b108dfd0279,A Google user,https://play-lh.googleusercontent.com/EGemoI2NTXmTsBVtJqk8jxF9rh8ApRWfsIMQSt2uE4OcpQqbFu7f7NbTK05lx80nuSijCz7sc3a277R67g,A glitch caused one of my matches to disappear and Tinder has been awful about responding to my requests for help. In fact they haven't even responded and it's been days.,1,0,4.5.2,2016-02-26 06:47:02,,,4.5.2,170.0,2016-02
3716bac8-9abe-40f0-83c2-b61154a29e3b,A Google user,https://play-lh.googleusercontent.com/EGemoI2NTXmTsBVtJqk8jxF9rh8ApRWfsIMQSt2uE4OcpQqbFu7f7NbTK05lx80nuSijCz7sc3a277R67g,"Good, but needs more diversity",5,0,4.4.4,2016-01-09 20:10:12,,,4.4.4,30.0,2016-01
e2ea7236-bca4-4472-8534-4fe523a48b04,A Google user,https://play-lh.googleusercontent.com/EGemoI2NTXmTsBVtJqk8jxF9rh8ApRWfsIMQSt2uE4OcpQqbFu7f7NbTK05lx80nuSijCz7sc3a277R67g,Basically useless since they got rid of moments,2,0,4.4.4,2016-01-14 05:41:50,,,4.4.4,47.0,2016-01
